"problem","model","data_file","configuration","status","time","run","solveTime","restarts","backjumps","flatBoolVars","flatIntConstraints","flatIntVars","flatBoolConstraints","trailMem","randomSeed","evaluatedHalfReifiedConstraints","intVars","nodes","peakMem","propagators","boolVariables","initTime","eliminatedImplications","peakDepth","nogoods","optTime","evaluatedReifiedConstraints","flatTime","paths","propagations","nSolutions","variables","failures","baseMem","method","objective"
"prize","data/prize/prize_imp.mzn","data/prize/25-5-5-1.dzn","Chuffed","OPTIMAL_SOLUTION","6.764338880777359","prize","6.588","155","5432","395","496","124","70","0.42","1615430083","98","151","68038","0.0","978","7146","0.013","","23","60454","5.464","348","0.050053","0","36598216","155","7299","60454","0.0","maximize","41"
"prize","data/prize/prize_imp.mzn","data/prize/45-5-9-1.dzn","Chuffed","SATISFIED","300.10892935469747","prize","","","","1165","1346","224","130","","","178","","","","","","","","","","","1078","0.074743","0","","315","","","","maximize","-6933"
"prize","data/prize/prize_orig.mzn","data/prize/21-3-7-4.dzn","Chuffed","OPTIMAL_SOLUTION","3.9464255310595036","prize","3.782","100","6593","349","435","125","98","0.42","1615429461","80","147","46471","0.0","759","6003","0.011","20","20","38544","3.547","291","0.049753","0","20544526","100","6152","38544","0.0","maximize","70"
"prize","data/prize/prize_orig.mzn","data/prize/12-3-4-9.dzn","Chuffed","OPTIMAL_SOLUTION","0.21597443148493767","prize","0.062","29","33","142","192","71","53","0.19","1615429155","44","84","730","0.0","273","2028","0.005","11","12","453","0.057","111","0.040567","0","146316","29","2114","453","0.0","maximize","43"
"prize","data/prize/prize_imp.mzn","data/prize/32-4-8-0.dzn","Chuffed","OPTIMAL_SOLUTION","242.3865953311324","prize","242.173","273","114251","619","748","159","91","0.63","1615429933","126","193","999944","0.0","1587","12280","0.02","","30","880741","226.044","558","0.05662","0","781545973","273","12475","880741","0.0","maximize","115"
"prize","data/prize/prize_orig.mzn","data/prize/32-4-8-8.dzn","Chuffed","OPTIMAL_SOLUTION","230.55913715809584","prize","230.338","292","94214","712","842","191","153","0.63","1615429161","124","224","877617","0.0","1683","14007","0.026","31","31","777825","198.608","621","0.065783","0","775895280","292","14233","777825","0.0","maximize","86"
"prize","data/prize/prize_imp.mzn","data/prize/30-5-6-8.dzn","Chuffed","OPTIMAL_SOLUTION","66.09778362885118","prize","65.893","223","22223","550","671","149","85","0.63","1615429603","118","181","324563","0.0","1398","9841","0.018","","28","298900","44.534","493","0.055418","0","260787181","223","10024","298900","0.0","maximize","62"
"prize","data/prize/prize_orig.mzn","data/prize/15-3-5-3.dzn","Chuffed","OPTIMAL_SOLUTION","0.3924138657748699","prize","0.25","70","137","202","264","89","68","0.28","1615429455","56","105","2985","0.0","408","3193","0.006","14","15","2139","0.244","162","0.043447","0","801499","70","3300","2139","0.0","maximize","27"
"prize","data/prize/prize_imp.mzn","data/prize/28-4-7-6.dzn","Chuffed","OPTIMAL_SOLUTION","34.6088602244854","prize","34.421","214","25599","485","598","139","79","0.63","1615430135","110","169","207410","0.0","1221","8754","0.014","","26","178521","32.089","432","0.049714","0","135629791","214","8925","178521","0.0","maximize","54"
"prize","data/prize/prize_orig.mzn","data/prize/20-4-5-4.dzn","Chuffed","OPTIMAL_SOLUTION","1.4348624497652054","prize","1.222","84","925","322","404","119","93","0.42","1615429153","76","140","15435","0.0","693","5294","0.018","19","20","13511","1.16","267","0.04941","0","7661417","84","5436","13511","0.0","maximize","39"
"prize","data/prize/prize_imp.mzn","data/prize/12-3-4-4.dzn","Chuffed","OPTIMAL_SOLUTION","0.21220535412430763","prize","0.069","25","99","109","158","59","31","0.19","1615429930","46","73","867","0.0","237","1702","0.003","","11","581","0.067","88","0.040864","0","138496","25","1777","581","0.0","maximize","9"
"prize","data/prize/prize_imp.mzn","data/prize/45-5-9-2.dzn","Chuffed","SATISFIED","300.1439168341458","prize","","","","1165","1346","224","130","","","178","","","","","","","","","","","1078","0.073565","0","","232","","","","maximize","-7926"
"prize","data/prize/prize_orig.mzn","data/prize/24-4-6-5.dzn","Chuffed","OPTIMAL_SOLUTION","8.300970684736967","prize","8.115","166","6040","436","534","143","113","0.42","1615429522","92","168","70767","0.0","975","7904","0.014","23","23","62245","7.316","369","0.055207","0","42114460","166","8074","62245","0.0","maximize","39"
"prize","data/prize/prize_imp.mzn","data/prize/35-5-7-7.dzn","Chuffed","SATISFIED","300.1742408387363","prize","","","","730","871","174","100","","","138","","","","","","","","","","","663","0.059747","0","","199","","","","maximize","-3899"
"prize","data/prize/prize_imp.mzn","data/prize/20-4-5-6.dzn","Chuffed","OPTIMAL_SOLUTION","1.323713731020689","prize","1.168","104","1321","265","346","99","55","0.42","1615429587","78","121","15704","0.0","633","4840","0.009","","18","13159","1.151","228","0.047152","0","5974298","104","4963","13159","0.0","maximize","47"
"prize","data/prize/prize_orig.mzn","data/prize/16-4-4-5.dzn","Chuffed","OPTIMAL_SOLUTION","0.41104622557759285","prize","0.257","56","260","224","290","95","73","0.28","1615429239","60","112","2795","0.0","459","3545","0.007","15","16","1957","0.231","181","0.047993","0","882838","56","3659","1957","0.0","maximize","36"
"prize","data/prize/prize_orig.mzn","data/prize/21-3-7-7.dzn","Chuffed","OPTIMAL_SOLUTION","2.8364307694137096","prize","2.667","94","1208","349","435","125","98","0.42","1615429490","80","147","29136","0.0","759","6090","0.011","20","21","26603","2.483","291","0.051636","0","14544806","94","6239","26603","0.0","maximize","69"
"prize","data/prize/prize_orig.mzn","data/prize/9-3-3-3.dzn","Chuffed","OPTIMAL_SOLUTION","0.16884131729602814","prize","0.03","19","6","91","129","53","38","0.19","1615429155","32","63","336","0.0","165","1216","0.003","8","9","200","0.03","69","0.039627","0","41477","19","1281","200","0.0","maximize","38"
"prize","data/prize/prize_imp.mzn","data/prize/9-3-3-6.dzn","Chuffed","OPTIMAL_SOLUTION","0.17481955140829086","prize","0.03","13","26","67","104","44","22","0.19","1615429717","34","55","256","0.0","138","967","0.002","","8","156","0.029","52","0.041479","0","28831","13","1024","156","0.0","maximize","17"
"prize","data/prize/prize_imp.mzn","data/prize/35-5-7-8.dzn","Chuffed","SATISFIED","300.1161743365228","prize","","","","730","871","174","100","","","138","","","","","","","","","","","663","0.061471","0","","300","","","","maximize","-872"
"prize","data/prize/prize_imp.mzn","data/prize/28-4-7-1.dzn","Chuffed","OPTIMAL_SOLUTION","48.625968895852566","prize","48.432","188","27630","485","598","139","79","0.63","1615430024","110","169","245318","0.0","1221","8557","0.016","","26","215053","44.378","432","0.053243","0","169189434","188","8728","215053","0.0","maximize","65"
"prize","data/prize/prize_orig.mzn","data/prize/12-3-4-8.dzn","Chuffed","OPTIMAL_SOLUTION","0.21558842435479164","prize","0.06","31","30","142","192","71","53","0.19","1615429155","44","84","705","0.0","273","2069","0.004","11","12","419","0.059","111","0.042511","0","130072","31","2155","419","0.0","maximize","41"
"prize","data/prize/prize_orig.mzn","data/prize/30-5-6-6.dzn","Chuffed","OPTIMAL_SOLUTION","45.84392121061683","prize","45.628","179","24472","637","759","179","143","0.63","1615429458","116","210","256465","0.0","1488","11859","0.022","29","29","228830","38.24","552","0.062746","0","213212043","179","12071","228830","0.0","maximize","112"
"prize","data/prize/prize_imp.mzn","data/prize/25-5-5-3.dzn","Chuffed","OPTIMAL_SOLUTION","5.735532101243734","prize","5.56","134","4673","395","496","124","70","0.42","1615430101","98","151","53495","0.0","978","6869","0.013","","23","46936","4.663","348","0.050857","0","33840318","134","7022","46936","0.0","maximize","76"
"prize","data/prize/prize_orig.mzn","data/prize/16-4-4-3.dzn","Chuffed","OPTIMAL_SOLUTION","0.3646039739251137","prize","0.224","55","172","224","290","95","73","0.28","1615429456","60","112","2512","0.0","459","3575","0.007","15","16","1766","0.217","181","0.045161","0","803186","55","3689","1766","0.0","maximize","57"
"prize","data/prize/prize_imp.mzn","data/prize/32-4-8-2.dzn","Chuffed","OPTIMAL_SOLUTION","246.295270383358","prize","246.087","268","88042","619","748","159","91","0.63","1615429931","126","193","1041962","0.0","1587","12226","0.019","","30","948990","207.721","558","0.055521","0","816412560","268","12421","948990","0.0","maximize","92"
"prize","data/prize/prize_imp.mzn","data/prize/25-5-5-8.dzn","Chuffed","OPTIMAL_SOLUTION","4.8384090811014175","prize","4.666","172","2702","395","496","124","70","0.42","1615429619","98","151","45556","0.0","978","6965","0.012","","24","40602","4.011999","348","0.047725","0","25877987","172","7118","40602","0.0","maximize","48"
"prize","data/prize/prize_orig.mzn","data/prize/32-4-8-5.dzn","Chuffed","SATISFIED","300.1559933051467","prize","","","","712","842","191","153","","","124","","","","","","","31","","","","621","0.063535","0","","169","","","","maximize","-3912"
"prize","data/prize/prize_orig.mzn","data/prize/18-3-6-3.dzn","Chuffed","OPTIMAL_SOLUTION","0.9535993337631226","prize","0.793","92","947","271","345","107","83","0.28","1615429514","68","126","9907","0.0","570","4507","0.009","17","17","7916","0.759","222","0.04998","0","3630031","92","4635","7916","0.0","maximize","35"
"prize","data/prize/prize_orig.mzn","data/prize/20-4-5-0.dzn","Chuffed","OPTIMAL_SOLUTION","1.225966352969408","prize","0.982","92","852","322","404","119","93","0.42","1615429153","76","140","13621","0.0","693","5376","0.02","19","19","11610","0.898","267","0.051171","0","5984363","92","5518","11610","0.0","maximize","54"
"prize","data/prize/prize_imp.mzn","data/prize/30-5-6-4.dzn","Chuffed","OPTIMAL_SOLUTION","53.98378495499492","prize","53.786","221","25184","550","671","149","85","0.63","1615430054","118","181","268089","0.0","1398","10525","0.017","","29","239118","40.941","493","0.051954","0","204524221","221","10708","239118","0.0","maximize","108"
"prize","data/prize/prize_orig.mzn","data/prize/28-4-7-5.dzn","Chuffed","OPTIMAL_SOLUTION","38.55529072508216","prize","38.366","248","10964","566","680","167","133","0.63","1615429529","108","196","177597","0.0","1305","10614","0.018","27","27","162675","35.397","487","0.055436","0","149644326","248","10812","162675","0.0","maximize","52"
"prize","data/prize/prize_orig.mzn","data/prize/20-4-5-5.dzn","Chuffed","OPTIMAL_SOLUTION","1.1275684908032417","prize","0.913","87","651","322","404","119","93","0.42","1615429153","76","140","12101","0.0","693","5524","0.019","19","19","10348","0.859","267","0.052646","0","5483855","87","5666","10348","0.0","maximize","37"
"prize","data/prize/prize_imp.mzn","data/prize/35-5-7-1.dzn","Chuffed","SATISFIED","300.17142663151026","prize","","","","730","871","174","100","","","138","","","","","","","","","","","663","0.056293","0","","307","","","","maximize","-893"
"prize","data/prize/prize_imp.mzn","data/prize/9-3-3-9.dzn","Chuffed","OPTIMAL_SOLUTION","0.1710687093436718","prize","0.031","12","21","67","104","44","22","0.19","1615429812","34","55","275","0.0","138","964","0.002","","8","184","0.03","52","0.041531","0","30835","12","1021","184","0.0","maximize","32"
"prize","data/prize/prize_orig.mzn","data/prize/15-3-5-7.dzn","Chuffed","OPTIMAL_SOLUTION","0.33506010845303535","prize","0.172","46","129","202","264","89","68","0.28","1615429217","56","105","2125","0.0","408","3168","0.007","14","14","1510","0.159","162","0.047685","0","539511","46","3275","1510","0.0","maximize","21"
"prize","data/prize/prize_imp.mzn","data/prize/45-5-9-9.dzn","Chuffed","SATISFIED","300.1087411530316","prize","","","","1165","1346","224","130","","","178","","","","","","","","","","","1078","0.074302","0","","334","","","","maximize","-7907"
"prize","data/prize/prize_imp.mzn","data/prize/21-3-7-2.dzn","Chuffed","OPTIMAL_SOLUTION","4.152697093784809","prize","3.991","108","6806","289","374","104","58","0.42","1615430090","82","127","52993","0.0","696","5011","0.009","","19","44893","3.904","250","0.047571","0","19183725","108","5140","44893","0.0","maximize","39"
"prize","data/prize/prize_imp.mzn","data/prize/24-4-6-3.dzn","Chuffed","OPTIMAL_SOLUTION","4.15736561268568","prize","3.987","149","3164","367","464","119","67","0.42","1615430010","94","145","44607","0.0","903","6606","0.012","","22","39427","3.375","322","0.049646","0","23566494","149","6753","39427","0.0","maximize","80"
"prize","data/prize/prize_orig.mzn","data/prize/40-5-8-7.dzn","Chuffed","SATISFIED","300.1002109758556","prize","","","","1052","1214","239","193","","","156","","","","","","","39","","","","937","0.068929","0","","272","","","","maximize","-4913"
"prize","data/prize/prize_orig.mzn","data/prize/25-5-5-7.dzn","Chuffed","OPTIMAL_SOLUTION","5.866628214716911","prize","5.69","144","4763","467","569","149","118","0.42","1615429461","96","175","56134","0.0","1053","8524","0.014","24","25","49207","4.464","397","0.052821","0","35222971","144","8701","49207","0.0","maximize","44"
"prize","data/prize/prize_imp.mzn","data/prize/12-3-4-7.dzn","Chuffed","OPTIMAL_SOLUTION","0.2232297919690609","prize","0.061","26","74","109","158","59","31","0.19","1615429934","46","73","709","0.0","237","1672","0.004","","11","437","0.059","88","0.042621","0","122065","26","1747","437","0.0","maximize","37"
"prize","data/prize/prize_imp.mzn","data/prize/20-4-5-3.dzn","Chuffed","OPTIMAL_SOLUTION","0.8406096175312996","prize","0.692","95","1139","265","346","99","55","0.42","1615429602","78","121","8541","0.0","633","4535","0.008","","19","6367","0.63","228","0.043677","0","3158314","95","4658","6367","0.0","maximize","42"
"prize","data/prize/prize_orig.mzn","data/prize/40-5-8-1.dzn","Chuffed","SATISFIED","300.1103752069175","prize","","","","1052","1214","239","193","","","156","","","","","","","39","","","","937","0.081871","0","","289","","","","maximize","-4913"
"prize","data/prize/prize_orig.mzn","data/prize/15-3-5-1.dzn","Chuffed","OPTIMAL_SOLUTION","0.4167505204677582","prize","0.267","60","168","202","264","89","68","0.28","1615429455","56","105","3273","0.0","408","3111","0.006","14","14","2510","0.247","162","0.045124","0","968894","60","3218","2510","0.0","maximize","24"
"prize","data/prize/prize_orig.mzn","data/prize/28-4-7-8.dzn","Chuffed","OPTIMAL_SOLUTION","49.2920160703361","prize","49.012","186","20845","566","680","167","133","0.63","1615429153","108","196","241244","0.0","1305","10838","0.028","27","28","217235","46.917","487","0.059176","0","199301961","186","11036","217235","0.0","maximize","93"
"prize","data/prize/prize_imp.mzn","data/prize/24-4-6-0.dzn","Chuffed","OPTIMAL_SOLUTION","3.707528945058584","prize","3.535","125","3441","367","464","119","67","0.42","1615430060","94","145","41568","0.0","903","6398","0.012","","22","36527","3.325","322","0.05051","0","22302367","125","6545","36527","0.0","maximize","64"
"prize","data/prize/prize_imp.mzn","data/prize/12-3-4-5.dzn","Chuffed","OPTIMAL_SOLUTION","0.24135149270296097","prize","0.068","33","72","109","158","59","31","0.19","1615429931","46","73","969","0.0","237","1682","0.003","","11","654","0.068","88","0.042973","0","155083","33","1757","654","0.0","maximize","14"
"prize","data/prize/prize_orig.mzn","data/prize/45-5-9-7.dzn","Chuffed","SATISFIED","300.09348456934094","prize","","","","1297","1479","269","218","","","176","","","","","","","44","","","","1167","0.092001","0","","294","","","","maximize","-7894"
"prize","data/prize/prize_imp.mzn","data/prize/35-5-7-6.dzn","Chuffed","SATISFIED","300.1787375472486","prize","","","","730","871","174","100","","","138","","","","","","","","","","","663","0.062181","0","","264","","","","maximize","-897"
"prize","data/prize/prize_orig.mzn","data/prize/9-3-3-1.dzn","Chuffed","OPTIMAL_SOLUTION","0.1637258268892765","prize","0.034","19","9","91","129","53","38","0.19","1615429155","32","63","332","0.0","165","1203","0.003","8","9","189","0.033","69","0.037471","0","41930","19","1268","189","0.0","maximize","19"
"prize","data/prize/prize_orig.mzn","data/prize/25-5-5-4.dzn","Chuffed","OPTIMAL_SOLUTION","10.563247960060835","prize","10.373","181","4757","467","569","149","118","0.42","1615429479","96","175","79899","0.0","1053","8555","0.015","24","25","72405","10.217","397","0.056014","0","55895004","181","8732","72405","0.0","maximize","32"
"prize","data/prize/prize_orig.mzn","data/prize/15-3-5-5.dzn","Chuffed","OPTIMAL_SOLUTION","0.4480980224907398","prize","0.296","57","314","202","264","89","68","0.28","1615429238","56","105","3730","0.0","408","3137","0.007","14","15","2833","0.288","162","0.047899","0","1035935","57","3244","2833","0.0","maximize","29"
"prize","data/prize/prize_imp.mzn","data/prize/24-4-6-8.dzn","Chuffed","OPTIMAL_SOLUTION","4.033551633358002","prize","3.863","123","4048","367","464","119","67","0.42","1615429584","94","145","42828","0.0","903","6630","0.012","","22","37128","3.413","322","0.050235","0","23501376","123","6777","37128","0.0","maximize","63"
"prize","data/prize/prize_imp.mzn","data/prize/9-3-3-2.dzn","Chuffed","OPTIMAL_SOLUTION","0.18024256452918053","prize","0.041","18","30","67","104","44","22","0.19","1615429716","34","55","312","0.0","138","990","0.002","","8","176","0.041","52","0.038171","0","31987","18","1047","176","0.0","maximize","25"
"prize","data/prize/prize_imp.mzn","data/prize/28-4-7-3.dzn","Chuffed","OPTIMAL_SOLUTION","31.004797279834747","prize","30.793","182","15718","485","598","139","79","0.63","1615430021","110","169","180778","0.0","1221","8896","0.015","","26","162200","28.328","432","0.053228","0","122015197","182","9067","162200","0.0","maximize","77"
"prize","data/prize/prize_imp.mzn","data/prize/12-3-4-1.dzn","Chuffed","OPTIMAL_SOLUTION","0.22231509909033775","prize","0.061","27","113","109","158","59","31","0.19","1615429848","46","73","859","0.0","237","1698","0.004","","11","543","0.058","88","0.041817","0","129449","27","1773","543","0.0","maximize","29"
"prize","data/prize/prize_orig.mzn","data/prize/18-3-6-5.dzn","Chuffed","OPTIMAL_SOLUTION","1.1168859079480171","prize","0.957","70","1026","271","345","107","83","0.28","1615429459","68","126","13325","0.0","570","4429","0.009","17","17","11430","0.878","222","0.050403","0","5274920","70","4557","11430","0.0","maximize","48"
"prize","data/prize/prize_orig.mzn","data/prize/40-5-8-6.dzn","Chuffed","SATISFIED","300.0864017382264","prize","","","","1052","1214","239","193","","","156","","","","","","","39","","","","937","0.069255","0","","215","","","","maximize","-4928"
"prize","data/prize/prize_imp.mzn","data/prize/21-3-7-0.dzn","Chuffed","OPTIMAL_SOLUTION","5.453126914799213","prize","5.289","116","8622","289","374","104","58","0.42","1615430095","82","127","62829","0.0","696","5035","0.009","","19","52709","5.207","250","0.047782","0","21774355","116","5164","52709","0.0","maximize","63"
"prize","data/prize/prize_orig.mzn","data/prize/40-5-8-9.dzn","Chuffed","SATISFIED","300.1335350982845","prize","","","","1052","1214","239","193","","","156","","","","","","","39","","","","937","0.068982","0","","354","","","","maximize","-3912"
"prize","data/prize/prize_imp.mzn","data/prize/16-4-4-1.dzn","Chuffed","OPTIMAL_SOLUTION","0.4544588103890419","prize","0.298","65","445","179","244","79","43","0.28","1615429931","62","97","4074","0.0","411","2934","0.006","","15","2984","0.283","150","0.046658","0","1050676","65","3033","2984","0.0","maximize","43"
"prize","data/prize/prize_orig.mzn","data/prize/18-3-6-8.dzn","Chuffed","OPTIMAL_SOLUTION","0.856883779168129","prize","0.619","59","1340","271","345","107","83","0.28","1615429153","68","126","9983","0.0","570","4407","0.019","17","17","7961","0.598","222","0.048421","0","3707984","59","4535","7961","0.0","maximize","32"
"prize","data/prize/prize_orig.mzn","data/prize/30-5-6-0.dzn","Chuffed","OPTIMAL_SOLUTION","111.66581676900387","prize","111.452","200","35271","637","759","179","143","0.63","1615429516","116","210","477131","0.0","1488","11943","0.021","29","29","438259","101.262","552","0.061354","0","421785504","200","12155","438259","0.0","maximize","87"
"prize","data/prize/prize_orig.mzn","data/prize/15-3-5-6.dzn","Chuffed","OPTIMAL_SOLUTION","0.3695308491587639","prize","0.219","52","249","202","264","89","68","0.28","1615429212","56","105","2602","0.0","408","3147","0.007","14","14","1797","0.201","162","0.047395","0","697258","52","3254","1797","0.0","maximize","38"
"prize","data/prize/prize_imp.mzn","data/prize/21-3-7-9.dzn","Chuffed","OPTIMAL_SOLUTION","2.6402509696781635","prize","2.478","126","1744","289","374","104","58","0.42","1615429620","82","127","29449","0.0","696","5210","0.009","","19","26237","2.247","250","0.047291","0","12838858","126","5339","26237","0.0","maximize","48"
"prize","data/prize/prize_imp.mzn","data/prize/18-3-6-7.dzn","Chuffed","OPTIMAL_SOLUTION","0.7172333039343357","prize","0.565","73","796","220","293","89","49","0.28","1615430053","70","109","7851","0.0","516","3718","0.007","","17","6310","0.543","187","0.046006","0","2511602","73","3829","6310","0.0","maximize","64"
"prize","data/prize/prize_orig.mzn","data/prize/28-4-7-7.dzn","Chuffed","OPTIMAL_SOLUTION","86.66020205244422","prize","86.463","163","47399","566","680","167","133","0.63","1615429530","108","196","435793","0.0","1305","10386","0.017","27","28","385536","77.631","487","0.054775","0","322526517","163","10584","385536","0.0","maximize","64"
"prize","data/prize/prize_imp.mzn","data/prize/35-5-7-0.dzn","Chuffed","SATISFIED","300.09951638802886","prize","","","","730","871","174","100","","","138","","","","","","","","","","","663","0.061013","0","","219","","","","maximize","-3892"
"prize","data/prize/prize_imp.mzn","data/prize/9-3-3-4.dzn","Chuffed","OPTIMAL_SOLUTION","0.19399332255125046","prize","0.032","24","31","67","104","44","22","0.19","1615429811","34","55","344","0.0","138","975","0.002","","9","183","0.032","52","0.041287","0","33493","24","1032","183","0.0","maximize","0"
"prize","data/prize/prize_imp.mzn","data/prize/45-5-9-8.dzn","Chuffed","SATISFIED","300.1011911481619","prize","","","","1165","1346","224","130","","","178","","","","","","","","","","","1078","0.069192","0","","294","","","","maximize","-7930"
"prize","data/prize/prize_orig.mzn","data/prize/32-4-8-4.dzn","Chuffed","SATISFIED","300.1122328750789","prize","","","","712","842","191","153","","","124","","","","","","","31","","","","621","0.064054","0","","227","","","","maximize","66"
"prize","data/prize/prize_imp.mzn","data/prize/40-5-8-0.dzn","Chuffed","SATISFIED","300.10076701268554","prize","","","","935","1096","199","115","","","158","","","","","","","","","","","858","0.069561","0","","262","","","","maximize","-4905"
"prize","data/prize/prize_imp.mzn","data/prize/45-5-9-7.dzn","Chuffed","SATISFIED","300.1190812215209","prize","","","","1165","1346","224","130","","","178","","","","","","","","","","","1078","0.074076","0","","294","","","","maximize","-7894"
"prize","data/prize/prize_orig.mzn","data/prize/9-3-3-6.dzn","Chuffed","OPTIMAL_SOLUTION","0.1643524505198002","prize","0.026","13","5","91","129","53","38","0.19","1615429156","32","63","242","0.0","165","1187","0.003","8","9","147","0.025","69","0.039728","0","32734","13","1252","147","0.0","maximize","17"
"prize","data/prize/prize_orig.mzn","data/prize/28-4-7-1.dzn","Chuffed","OPTIMAL_SOLUTION","59.86299104616046","prize","59.652","188","26691","566","680","167","133","0.63","1615429461","108","196","266230","0.0","1305","10321","0.019","27","27","236695","53.263","487","0.059574","0","211188553","188","10519","236695","0.0","maximize","65"
"prize","data/prize/prize_orig.mzn","data/prize/12-3-4-5.dzn","Chuffed","OPTIMAL_SOLUTION","0.24927668273448944","prize","0.087","33","36","142","192","71","53","0.19","1615429454","44","84","1026","0.0","273","2044","0.005","11","12","714","0.087","111","0.046061","0","195049","33","2130","714","0.0","maximize","14"
"prize","data/prize/prize_orig.mzn","data/prize/21-3-7-1.dzn","Chuffed","OPTIMAL_SOLUTION","4.221534766256809","prize","4.048","99","3832","349","435","125","98","0.42","1615429567","80","147","45725","0.0","759","6170","0.011","20","20","40605","3.851","291","0.052533","0","21101319","99","6319","40605","0.0","maximize","42"
"prize","data/prize/prize_imp.mzn","data/prize/30-5-6-6.dzn","Chuffed","OPTIMAL_SOLUTION","40.834058590233326","prize","40.632","179","27882","550","671","149","85","0.63","1615429988","118","181","253797","0.0","1398","9851","0.018","","28","222948","33.678","493","0.055384","0","183592094","179","10034","222948","0.0","maximize","112"
"prize","data/prize/prize_imp.mzn","data/prize/25-5-5-9.dzn","Chuffed","OPTIMAL_SOLUTION","6.316462330520153","prize","6.141","175","6254","395","496","124","70","0.42","1615429595","98","151","62759","0.0","978","7004","0.013","","23","54077","4.941","348","0.051329","0","36995019","175","7157","54077","0.0","maximize","65"
"prize","data/prize/prize_orig.mzn","data/prize/35-5-7-6.dzn","Chuffed","SATISFIED","300.17361918464303","prize","","","","832","974","209","168","","","136","","","","","","","34","","","","732","0.069678","0","","264","","","","maximize","-897"
"prize","data/prize/prize_imp.mzn","data/prize/18-3-6-3.dzn","Chuffed","OPTIMAL_SOLUTION","0.7894095778465271","prize","0.642","92","934","220","293","89","49","0.28","1615430074","70","109","9448","0.0","516","3729","0.007","","17","7574","0.618","187","0.042541","0","2924735","92","3840","7574","0.0","maximize","35"
"prize","data/prize/prize_imp.mzn","data/prize/16-4-4-3.dzn","Chuffed","OPTIMAL_SOLUTION","0.3722929358482361","prize","0.21","55","249","179","244","79","43","0.28","1615429935","62","97","2442","0.0","411","2959","0.006","","15","1677","0.204","150","0.044677","0","654694","55","3058","1677","0.0","maximize","57"
"prize","data/prize/prize_orig.mzn","data/prize/32-4-8-2.dzn","Chuffed","SATISFIED","300.1170620396733","prize","","","","712","842","191","153","","","124","","","","","","","31","","","","621","0.063727","0","","268","","","","maximize","92"
"prize","data/prize/prize_orig.mzn","data/prize/24-4-6-8.dzn","Chuffed","OPTIMAL_SOLUTION","4.580917123705149","prize","4.324","123","3908","436","534","143","113","0.42","1615429153","92","168","44372","0.0","975","7952","0.026","23","23","38677","3.743","369","0.056532","0","28413896","123","8122","38677","0.0","maximize","63"
"prize","data/prize/prize_orig.mzn","data/prize/21-3-7-2.dzn","Chuffed","OPTIMAL_SOLUTION","4.9784004762768745","prize","4.806","108","7036","349","435","125","98","0.42","1615429529","80","147","55201","0.0","759","6030","0.011","20","20","46754","4.642","291","0.051376","0","24317460","108","6179","46754","0.0","maximize","39"
"prize","data/prize/prize_imp.mzn","data/prize/30-5-6-5.dzn","Chuffed","OPTIMAL_SOLUTION","59.82184814661741","prize","59.634","204","22479","550","671","149","85","0.63","1615430055","118","181","334360","0.0","1398","10129","0.017","","29","308583","51.854","493","0.051415","0","270018987","204","10312","308583","0.0","maximize","104"
"prize","data/prize/prize_orig.mzn","data/prize/32-4-8-6.dzn","Chuffed","SATISFIED","300.0880046784878","prize","","","","712","842","191","153","","","124","","","","","","","31","","","","621","0.064225","0","","276","","","","maximize","-887"
"prize","data/prize/prize_imp.mzn","data/prize/28-4-7-8.dzn","Chuffed","OPTIMAL_SOLUTION","43.45801346004009","prize","43.26","186","23012","485","598","139","79","0.63","1615429575","110","169","229025","0.0","1221","9053","0.016","","27","203082","41.377","432","0.054335","0","159615881","186","9224","203082","0.0","maximize","93"
"prize","data/prize/prize_imp.mzn","data/prize/40-5-8-1.dzn","Chuffed","SATISFIED","300.0846249833703","prize","","","","935","1096","199","115","","","158","","","","","","","","","","","858","0.067829","0","","290","","","","maximize","-4912"
"prize","data/prize/prize_imp.mzn","data/prize/12-3-4-9.dzn","Chuffed","OPTIMAL_SOLUTION","0.22603675350546837","prize","0.066","29","56","109","158","59","31","0.19","1615429715","46","73","673","0.0","237","1662","0.004","","11","411","0.062","88","0.042753","0","121656","29","1737","411","0.0","maximize","43"
"prize","data/prize/prize_orig.mzn","data/prize/45-5-9-1.dzn","Chuffed","SATISFIED","300.0835707820952","prize","","","","1297","1479","269","218","","","176","","","","","","","44","","","","1167","0.085154","0","","310","","","","maximize","-6955"
"prize","data/prize/prize_orig.mzn","data/prize/35-5-7-1.dzn","Chuffed","SATISFIED","300.1728188097477","prize","","","","832","974","209","168","","","136","","","","","","","34","","","","732","0.063431","0","","307","","","","maximize","-893"
"prize","data/prize/prize_imp.mzn","data/prize/21-3-7-4.dzn","Chuffed","OPTIMAL_SOLUTION","3.394567646086216","prize","3.235","100","6971","289","374","104","58","0.42","1615430020","82","127","45469","0.0","696","4974","0.009","","19","37271","3.077","250","0.047663","0","16562821","100","5103","37271","0.0","maximize","70"
"prize","data/prize/prize_imp.mzn","data/prize/28-4-7-7.dzn","Chuffed","OPTIMAL_SOLUTION","73.43435460329056","prize","73.239","163","54385","485","598","139","79","0.63","1615430093","110","169","429979","0.0","1221","8608","0.015","","27","372922","64.239","432","0.053538","0","263918207","163","8779","372922","0.0","maximize","64"
"prize","data/prize/prize_orig.mzn","data/prize/32-4-8-0.dzn","Chuffed","OPTIMAL_SOLUTION","297.2709237597883","prize","297.061","273","96406","712","842","191","153","0.63","1615429455","124","224","1026988","0.0","1683","14584","0.022","31","31","925289","272.874","621","0.058049","0","951295407","273","14810","925289","0.0","maximize","115"
"prize","data/prize/prize_orig.mzn","data/prize/9-3-3-4.dzn","Chuffed","OPTIMAL_SOLUTION","0.19475306943058968","prize","0.039","24","9","91","129","53","38","0.19","1615429203","32","63","357","0.0","165","1193","0.003","8","10","192","0.039","69","0.043087","0","42903","24","1258","192","0.0","maximize","0"
"prize","data/prize/prize_imp.mzn","data/prize/30-5-6-9.dzn","Chuffed","OPTIMAL_SOLUTION","64.19053794816136","prize","63.994","201","27176","550","671","149","85","0.63","1615429609","118","181","344261","0.0","1398","10451","0.018","","29","313786","47.007","493","0.057236","0","250901168","201","10634","313786","0.0","maximize","96"
"prize","data/prize/prize_imp.mzn","data/prize/15-3-5-3.dzn","Chuffed","OPTIMAL_SOLUTION","0.3850479908287525","prize","0.223","70","223","160","221","74","40","0.28","1615429933","58","91","2853","0.0","363","2639","0.005","","14","2004","0.218","133","0.044562","0","640812","70","2732","2004","0.0","maximize","27"
"prize","data/prize/prize_orig.mzn","data/prize/21-3-7-0.dzn","Chuffed","OPTIMAL_SOLUTION","6.201852176338434","prize","6.031","116","8568","349","435","125","98","0.42","1615429531","80","147","63461","0.0","759","6046","0.011","20","20","53267","5.909","291","0.051772","0","26944707","116","6195","53267","0.0","maximize","63"
"prize","data/prize/prize_orig.mzn","data/prize/32-4-8-9.dzn","Chuffed","OPTIMAL_SOLUTION","123.34574296697974","prize","123.112","294","49756","712","842","191","153","0.63","1615429159","124","224","464717","0.0","1683","14064","0.022","31","31","409394","115.423","621","0.059606","0","469960584","294","14290","409394","0.0","maximize","77"
"prize","data/prize/prize_imp.mzn","data/prize/9-3-3-1.dzn","Chuffed","OPTIMAL_SOLUTION","0.18325388804078102","prize","0.033","19","31","67","104","44","22","0.19","1615429670","34","55","338","0.0","138","986","0.002","","8","193","0.032","52","0.040739","0","34382","19","1043","193","0.0","maximize","19"
"prize","data/prize/prize_imp.mzn","data/prize/45-5-9-3.dzn","Chuffed","SATISFIED","300.1282492913306","prize","","","","1165","1346","224","130","","","178","","","","","","","","","","","1078","0.074049","0","","310","","","","maximize","-7947"
"prize","data/prize/prize_orig.mzn","data/prize/18-3-6-4.dzn","Chuffed","OPTIMAL_SOLUTION","1.0048654899001122","prize","0.853","71","393","271","345","107","83","0.28","1615429457","68","126","11184","0.0","570","4588","0.009","17","18","9963","0.798","222","0.047087","0","4604810","71","4716","9963","0.0","maximize","38"
"prize","data/prize/prize_orig.mzn","data/prize/45-5-9-8.dzn","Chuffed","SATISFIED","300.117663346231","prize","","","","1297","1479","269","218","","","176","","","","","","","44","","","","1167","0.084076","0","","293","","","","maximize","-7931"
"prize","data/prize/prize_imp.mzn","data/prize/12-3-4-8.dzn","Chuffed","OPTIMAL_SOLUTION","0.22845986858010292","prize","0.06","31","84","109","158","59","31","0.19","1615429672","46","73","709","0.0","237","1700","0.004","","11","401","0.059","88","0.042342","0","109951","31","1775","401","0.0","maximize","41"
"prize","data/prize/prize_imp.mzn","data/prize/21-3-7-1.dzn","Chuffed","OPTIMAL_SOLUTION","3.7006244100630283","prize","3.539","99","4047","289","374","104","58","0.42","1615430134","82","127","44853","0.0","696","5147","0.009","","19","39620","3.356","250","0.047418","0","17338715","99","5276","39620","0.0","maximize","42"
"prize","data/prize/prize_orig.mzn","data/prize/28-4-7-6.dzn","Chuffed","OPTIMAL_SOLUTION","39.49342994019389","prize","39.295","214","23508","566","680","167","133","0.63","1615429569","108","196","210952","0.0","1305","10537","0.017","27","27","183896","36.538","487","0.055761","0","161457965","214","10735","183896","0.0","maximize","54"
"prize","data/prize/prize_orig.mzn","data/prize/16-4-4-7.dzn","Chuffed","OPTIMAL_SOLUTION","0.46040550619363785","prize","0.305","63","197","224","290","95","73","0.28","1615429215","60","112","3499","0.0","459","3583","0.007","15","16","2614","0.284","181","0.048424","0","1106157","63","3697","2614","0.0","maximize","39"
"prize","data/prize/prize_imp.mzn","data/prize/30-5-6-7.dzn","Chuffed","OPTIMAL_SOLUTION","82.973488047719","prize","82.757","204","34761","550","671","149","85","0.63","1615429986","118","181","384147","0.0","1398","9775","0.018","","29","346158","71.878","493","0.055741","0","292094277","204","9958","346158","0.0","maximize","64"
"prize","data/prize/prize_imp.mzn","data/prize/15-3-5-6.dzn","Chuffed","OPTIMAL_SOLUTION","0.3491061143577099","prize","0.193","52","331","160","221","74","40","0.28","1615429820","58","91","2584","0.0","363","2593","0.005","","13","1747","0.182","133","0.043925","0","566082","52","2686","1747","0.0","maximize","38"
"prize","data/prize/prize_imp.mzn","data/prize/32-4-8-9.dzn","Chuffed","OPTIMAL_SOLUTION","110.61857797577977","prize","110.406","294","50547","619","748","159","91","0.63","1615429758","126","193","452828","0.0","1587","11796","0.019","","30","397025","103.771","558","0.055245","0","388444225","294","11991","397025","0.0","maximize","77"
"prize","data/prize/prize_imp.mzn","data/prize/24-4-6-5.dzn","Chuffed","OPTIMAL_SOLUTION","6.674460653215647","prize","6.5","166","7218","367","464","119","67","0.42","1615430075","94","145","65868","0.0","903","6588","0.012","","22","56363","5.984","322","0.049983","0","32555089","166","6735","56363","0.0","maximize","39"
"prize","data/prize/prize_orig.mzn","data/prize/25-5-5-2.dzn","Chuffed","OPTIMAL_SOLUTION","10.054830379784107","prize","9.867","136","5965","467","569","149","118","0.42","1615429562","96","175","81757","0.0","1053","8760","0.015","24","25","73712","9.211","397","0.056552","0","55185545","136","8937","73712","0.0","maximize","53"
"prize","data/prize/prize_orig.mzn","data/prize/12-3-4-4.dzn","Chuffed","OPTIMAL_SOLUTION","0.2178095057606697","prize","0.071","25","48","142","192","71","53","0.19","1615429454","44","84","883","0.0","273","2068","0.004","11","12","620","0.068","111","0.044796","0","174851","25","2154","620","0.0","maximize","9"
"prize","data/prize/prize_orig.mzn","data/prize/28-4-7-3.dzn","Chuffed","OPTIMAL_SOLUTION","34.58130440488458","prize","34.384","182","13467","566","680","167","133","0.63","1615429461","108","196","183710","0.0","1305","10662","0.018","27","27","167167","31.62","487","0.056536","0","149450541","182","10860","167167","0.0","maximize","77"
"prize","data/prize/prize_orig.mzn","data/prize/9-3-3-2.dzn","Chuffed","OPTIMAL_SOLUTION","0.17380164191126823","prize","0.032","18","14","91","129","53","38","0.19","1615429156","32","63","328","0.0","165","1203","0.003","8","9","189","0.032","69","0.04215","0","41202","18","1268","189","0.0","maximize","25"
"prize","data/prize/prize_imp.mzn","data/prize/18-3-6-5.dzn","Chuffed","OPTIMAL_SOLUTION","0.9807933196425438","prize","0.827","70","1207","220","293","89","49","0.28","1615429990","70","109","12558","0.0","516","3657","0.007","","17","10555","0.777","187","0.046072","0","3941964","70","3768","10555","0.0","maximize","48"
"prize","data/prize/prize_orig.mzn","data/prize/35-5-7-7.dzn","Chuffed","SATISFIED","300.13814586028457","prize","","","","832","974","209","168","","","136","","","","","","","34","","","","732","0.069094","0","","199","","","","maximize","-3899"
"prize","data/prize/prize_imp.mzn","data/prize/28-4-7-9.dzn","Chuffed","OPTIMAL_SOLUTION","49.38956447318196","prize","49.168","217","29752","485","598","139","79","0.63","1615429590","110","169","271608","0.0","1221","8917","0.016","","26","238406","45.218","432","0.053811","0","185790494","217","9088","238406","0.0","maximize","105"
"prize","data/prize/prize_imp.mzn","data/prize/40-5-8-9.dzn","Chuffed","SATISFIED","300.1619334369898","prize","","","","935","1096","199","115","","","158","","","","","","","","","","","858","0.06757","0","","354","","","","maximize","-3912"
"prize","data/prize/prize_imp.mzn","data/prize/30-5-6-0.dzn","Chuffed","OPTIMAL_SOLUTION","92.79679366573691","prize","92.586","200","36682","550","671","149","85","0.63","1615430074","118","181","436952","0.0","1398","9931","0.016","","28","396881","82.992","493","0.055735","0","337085413","200","10114","396881","0.0","maximize","87"
"prize","data/prize/prize_orig.mzn","data/prize/16-4-4-1.dzn","Chuffed","OPTIMAL_SOLUTION","0.46590230613946915","prize","0.323","65","344","224","290","95","73","0.28","1615429455","60","112","4325","0.0","459","3550","0.007","15","16","3262","0.302","181","0.043782","0","1334408","65","3664","3262","0.0","maximize","43"
"prize","data/prize/prize_orig.mzn","data/prize/20-4-5-6.dzn","Chuffed","OPTIMAL_SOLUTION","1.4661140777170658","prize","1.257","104","1115","322","404","119","93","0.42","1615429153","76","140","16751","0.0","693","5762","0.021","19","19","14288","1.229","267","0.050921","0","7560379","104","5904","14288","0.0","maximize","47"
"prize","data/prize/prize_orig.mzn","data/prize/25-5-5-1.dzn","Chuffed","OPTIMAL_SOLUTION","8.247945800423622","prize","8.061","155","5054","467","569","149","118","0.42","1615429527","96","175","71005","0.0","1053","8565","0.015","24","24","63627","6.654","397","0.057428","0","44069468","155","8742","63627","0.0","maximize","41"
"prize","data/prize/prize_imp.mzn","data/prize/18-3-6-6.dzn","Chuffed","OPTIMAL_SOLUTION","0.7906707562506199","prize","0.636","58","1084","220","293","89","49","0.28","1615430058","70","109","10085","0.0","516","3739","0.007","","17","8329","0.577","187","0.046179","0","3119273","58","3850","8329","0.0","maximize","42"
"prize","data/prize/prize_imp.mzn","data/prize/20-4-5-4.dzn","Chuffed","OPTIMAL_SOLUTION","1.3217129707336426","prize","1.141","84","1093","265","346","99","55","0.42","1615429573","78","121","14689","0.0","633","4362","0.009","","19","12693","1.101","228","0.047622","0","6082785","84","4485","12693","0.0","maximize","39"
"prize","data/prize/prize_orig.mzn","data/prize/9-3-3-8.dzn","Chuffed","OPTIMAL_SOLUTION","0.19297824800014496","prize","0.035","21","9","91","129","53","38","0.19","1615429227","32","63","301","0.0","165","1212","0.003","8","9","145","0.034","69","0.044527","0","34495","21","1277","145","0.0","maximize","18"
"prize","data/prize/prize_imp.mzn","data/prize/32-4-8-8.dzn","Chuffed","OPTIMAL_SOLUTION","189.96139117330313","prize","189.753","292","106483","619","748","159","91","0.63","1615429773","126","193","839749","0.0","1587","11712","0.02","","30","728069","165.332","558","0.058073","0","629796866","292","11907","728069","0.0","maximize","86"
"prize","data/prize/prize_imp.mzn","data/prize/40-5-8-7.dzn","Chuffed","SATISFIED","300.11564273387194","prize","","","","935","1096","199","115","","","158","","","","","","","","","","","858","0.068051","0","","273","","","","maximize","-4912"
"prize","data/prize/prize_orig.mzn","data/prize/35-5-7-0.dzn","Chuffed","SATISFIED","300.13395465910435","prize","","","","832","974","209","168","","","136","","","","","","","34","","","","732","0.062781","0","","216","","","","maximize","-3900"
"prize","data/prize/prize_orig.mzn","data/prize/24-4-6-3.dzn","Chuffed","OPTIMAL_SOLUTION","5.145089291036129","prize","4.966","149","3099","436","534","143","113","0.42","1615429460","92","168","48111","0.0","975","7930","0.013","23","23","42827","4.019","369","0.057587","0","29201092","149","8100","42827","0.0","maximize","80"
"prize","data/prize/prize_imp.mzn","data/prize/25-5-5-7.dzn","Chuffed","OPTIMAL_SOLUTION","4.5636728964746","prize","4.389","144","4896","395","496","124","70","0.42","1615430015","98","151","51137","0.0","978","7096","0.013","","24","44240","3.584","348","0.051027","0","27101328","144","7249","44240","0.0","maximize","44"
"prize","data/prize/prize_imp.mzn","data/prize/28-4-7-5.dzn","Chuffed","OPTIMAL_SOLUTION","35.33835481852293","prize","35.152","248","11426","485","598","139","79","0.63","1615430091","110","169","175328","0.0","1221","8854","0.015","","26","160242","32.07","432","0.052764","0","127289253","248","9025","160242","0.0","maximize","52"
"prize","data/prize/prize_orig.mzn","data/prize/12-3-4-7.dzn","Chuffed","OPTIMAL_SOLUTION","0.20979032292962074","prize","0.064","26","36","142","192","71","53","0.19","1615429455","44","84","720","0.0","273","2036","0.004","11","12","457","0.061","111","0.040269","0","144090","26","2122","457","0.0","maximize","37"
"prize","data/prize/prize_imp.mzn","data/prize/20-4-5-2.dzn","Chuffed","OPTIMAL_SOLUTION","1.0653215870261192","prize","0.912","106","1284","265","346","99","55","0.42","1615429618","78","121","10773","0.0","633","4529","0.009","","18","8306","0.85","228","0.046911","0","4370156","106","4652","8306","0.0","maximize","47"
"prize","data/prize/prize_orig.mzn","data/prize/9-3-3-9.dzn","Chuffed","OPTIMAL_SOLUTION","0.1725933663547039","prize","0.032","12","2","91","129","53","38","0.19","1615429204","32","63","269","0.0","165","1184","0.003","8","9","184","0.03","69","0.042625","0","37233","12","1249","184","0.0","maximize","32"
"prize","data/prize/prize_imp.mzn","data/prize/15-3-5-1.dzn","Chuffed","OPTIMAL_SOLUTION","0.3910420797765255","prize","0.249","60","216","160","221","74","40","0.28","1615429932","58","91","3041","0.0","363","2561","0.005","","13","2294","0.232","133","0.043668","0","763562","60","2654","2294","0.0","maximize","24"
"prize","data/prize/prize_imp.mzn","data/prize/9-3-3-3.dzn","Chuffed","OPTIMAL_SOLUTION","0.18886041641235352","prize","0.031","19","29","67","104","44","22","0.19","1615429671","34","55","334","0.0","138","999","0.002","","8","195","0.031","52","0.042694","0","33322","19","1056","195","0.0","maximize","38"
"prize","data/prize/prize_orig.mzn","data/prize/40-5-8-0.dzn","Chuffed","SATISFIED","300.0878498144448","prize","","","","1052","1214","239","193","","","156","","","","","","","39","","","","937","0.077031","0","","259","","","","maximize","-4915"
"prize","data/prize/prize_orig.mzn","data/prize/25-5-5-3.dzn","Chuffed","OPTIMAL_SOLUTION","7.452484741806984","prize","7.271","134","4676","467","569","149","118","0.42","1615429535","96","175","59059","0.0","1053","8283","0.015","24","24","52351","6.057","397","0.05606","0","42829001","134","8460","52351","0.0","maximize","76"
"prize","data/prize/prize_imp.mzn","data/prize/24-4-6-1.dzn","Chuffed","OPTIMAL_SOLUTION","4.806535761803389","prize","4.637","105","7461","367","464","119","67","0.42","1615430040","94","145","49522","0.0","903","6360","0.012","","23","40597","3.765","322","0.050103","0","25314178","105","6507","40597","0.0","maximize","89"
"prize","data/prize/prize_orig.mzn","data/prize/45-5-9-9.dzn","Chuffed","SATISFIED","300.11816934123635","prize","","","","1297","1479","269","218","","","176","","","","","","","44","","","","1167","0.088255","0","","324","","","","maximize","-7924"
"prize","data/prize/prize_orig.mzn","data/prize/30-5-6-7.dzn","Chuffed","OPTIMAL_SOLUTION","108.8422441482544","prize","108.629","204","32846","637","759","179","143","0.63","1615429458","116","210","434506","0.0","1488","11785","0.02","29","30","398193","91.606","552","0.060054","0","375996355","204","11997","398193","0.0","maximize","64"
"prize","data/prize/prize_imp.mzn","data/prize/40-5-8-6.dzn","Chuffed","SATISFIED","300.0988541841507","prize","","","","935","1096","199","115","","","158","","","","","","","","","","","858","0.066819","0","","219","","","","maximize","-4923"
"prize","data/prize/prize_imp.mzn","data/prize/25-5-5-2.dzn","Chuffed","OPTIMAL_SOLUTION","7.161959387362003","prize","6.986","136","5999","395","496","124","70","0.42","1615430127","98","151","70065","0.0","978","7343","0.012","","24","62160","6.669","348","0.050217","0","39914190","136","7496","62160","0.0","maximize","53"
"prize","data/prize/prize_orig.mzn","data/prize/12-3-4-3.dzn","Chuffed","OPTIMAL_SOLUTION","0.2566603198647499","prize","0.095","36","80","142","192","71","53","0.19","1615429216","44","84","1191","0.0","273","2098","0.005","11","12","802","0.092","111","0.044666","0","225092","36","2184","802","0.0","maximize","49"
"prize","data/prize/prize_imp.mzn","data/prize/20-4-5-5.dzn","Chuffed","OPTIMAL_SOLUTION","1.048684999346733","prize","0.891","87","776","265","346","99","55","0.42","1615429569","78","121","11632","0.0","633","4596","0.009","","18","9854","0.853","228","0.047937","0","4555082","87","4719","9854","0.0","maximize","37"
"prize","data/prize/prize_imp.mzn","data/prize/32-4-8-5.dzn","Chuffed","SATISFIED","300.07230731472373","prize","","","","619","748","159","91","","","126","","","","","","","","","","","558","0.057522","0","","170","","","","maximize","-3908"
"prize","data/prize/prize_imp.mzn","data/prize/18-3-6-4.dzn","Chuffed","OPTIMAL_SOLUTION","0.8791647106409073","prize","0.725","71","465","220","293","89","49","0.28","1615429984","70","109","10133","0.0","516","3821","0.007","","17","8916","0.694","187","0.046718","0","3488817","71","3932","8916","0.0","maximize","38"
"prize","data/prize/prize_imp.mzn","data/prize/45-5-9-6.dzn","Chuffed","SATISFIED","300.1766311749816","prize","","","","1165","1346","224","130","","","178","","","","","","","","","","","1078","0.075159","0","","245","","","","maximize","-8923"
"prize","data/prize/prize_orig.mzn","data/prize/20-4-5-3.dzn","Chuffed","OPTIMAL_SOLUTION","0.9069054163992405","prize","0.7","95","1048","322","404","119","93","0.42","1615429153","76","140","8937","0.0","693","5471","0.021","19","20","6755","0.611","267","0.050953","0","3927737","95","5613","6755","0.0","maximize","42"
"prize","data/prize/prize_orig.mzn","data/prize/21-3-7-3.dzn","Chuffed","OPTIMAL_SOLUTION","4.261784341186285","prize","4.088","98","3821","349","435","125","98","0.42","1615429505","80","147","45038","0.0","759","5999","0.011","20","20","39941","3.766","291","0.052165","0","22305581","98","6148","39941","0.0","maximize","37"
"prize","data/prize/prize_imp.mzn","data/prize/32-4-8-4.dzn","Chuffed","OPTIMAL_SOLUTION","239.61804198473692","prize","239.41","227","93096","619","748","159","91","0.63","1615429827","126","193","958889","0.0","1587","11616","0.02","","31","861641","209.53","558","0.057765","0","749498390","227","11811","861641","0.0","maximize","66"
"prize","data/prize/prize_orig.mzn","data/prize/30-5-6-3.dzn","Chuffed","OPTIMAL_SOLUTION","42.138457000255585","prize","41.93","222","19185","637","759","179","143","0.63","1615429544","116","210","240222","0.0","1488","12427","0.021","29","29","217036","36.932","552","0.063217","0","199508565","222","12639","217036","0.0","maximize","76"
"prize","data/prize/prize_orig.mzn","data/prize/32-4-8-7.dzn","Chuffed","SATISFIED","300.0933266058564","prize","","","","712","842","191","153","","","124","","","","","","","31","","","","621","0.064646","0","","279","","","","maximize","99"
"prize","data/prize/prize_imp.mzn","data/prize/16-4-4-8.dzn","Chuffed","OPTIMAL_SOLUTION","0.4284149035811424","prize","0.266","79","192","179","244","79","43","0.28","1615429757","62","97","3152","0.0","411","2939","0.006","","15","2254","0.252","150","0.041355","0","878165","79","3038","2254","0.0","maximize","30"
"prize","data/prize/prize_imp.mzn","data/prize/30-5-6-2.dzn","Chuffed","OPTIMAL_SOLUTION","126.41116878017783","prize","126.2","213","31121","550","671","149","85","0.63","1615430113","118","181","518925","0.0","1398","9612","0.018","","28","484303","111.225","493","0.056565","0","397643620","213","9795","484303","0.0","maximize","99"
"prize","data/prize/prize_imp.mzn","data/prize/15-3-5-9.dzn","Chuffed","OPTIMAL_SOLUTION","0.3629258759319782","prize","0.179","65","201","160","221","74","40","0.28","1615429718","58","91","2227","0.0","363","2633","0.005","","13","1412","0.177","133","0.045093","0","481659","65","2726","1412","0.0","maximize","38"
"prize","data/prize/prize_imp.mzn","data/prize/32-4-8-1.dzn","Chuffed","SATISFIED","300.1122775785625","prize","","","","619","748","159","91","","","126","","","","","","","","","","","558","0.057712","0","","191","","","","maximize","-3903"
"prize","data/prize/prize_orig.mzn","data/prize/45-5-9-2.dzn","Chuffed","SATISFIED","300.12001944333315","prize","","","","1297","1479","269","218","","","176","","","","","","","44","","","","1167","0.084591","0","","232","","","","maximize","-7926"
"prize","data/prize/prize_orig.mzn","data/prize/35-5-7-3.dzn","Chuffed","SATISFIED","300.06999483704567","prize","","","","832","974","209","168","","","136","","","","","","","34","","","","732","0.059995","0","","214","","","","maximize","-1937"
"prize","data/prize/prize_imp.mzn","data/prize/20-4-5-7.dzn","Chuffed","OPTIMAL_SOLUTION","1.0305380634963512","prize","0.875","92","667","265","346","99","55","0.42","1615429589","78","121","11215","0.0","633","4498","0.009","","18","9518","0.817","228","0.047089","0","4781987","92","4621","9518","0.0","maximize","62"
"prize","data/prize/prize_orig.mzn","data/prize/12-3-4-1.dzn","Chuffed","OPTIMAL_SOLUTION","0.2320365235209465","prize","0.072","27","55","142","192","71","53","0.19","1615429240","44","84","838","0.0","273","2066","0.004","11","12","551","0.068","111","0.046102","0","154850","27","2152","551","0.0","maximize","29"
"prize","data/prize/prize_imp.mzn","data/prize/21-3-7-7.dzn","Chuffed","OPTIMAL_SOLUTION","2.288591455668211","prize","2.128","94","1379","289","374","104","58","0.42","1615430062","82","127","28467","0.0","696","5073","0.009","","20","25857","2.005","250","0.047415","0","11761708","94","5202","25857","0.0","maximize","69"
"prize","data/prize/prize_imp.mzn","data/prize/16-4-4-0.dzn","Chuffed","OPTIMAL_SOLUTION","0.4242619127035141","prize","0.278","60","294","179","244","79","43","0.28","1615429930","62","97","3641","0.0","411","2975","0.006","","15","2791","0.257","150","0.044927","0","1021129","60","3074","2791","0.0","maximize","36"
"prize","data/prize/prize_orig.mzn","data/prize/40-5-8-3.dzn","Chuffed","SATISFIED","300.13776862993836","prize","","","","1052","1214","239","193","","","156","","","","","","","39","","","","937","0.074927","0","","223","","","","maximize","-4867"
"prize","data/prize/prize_imp.mzn","data/prize/18-3-6-9.dzn","Chuffed","OPTIMAL_SOLUTION","0.8997747749090195","prize","0.753","80","849","220","293","89","49","0.28","1615429625","70","109","10742","0.0","516","3704","0.007","","17","9095","0.723","187","0.043104","0","3273662","80","3815","9095","0.0","maximize","23"
"prize","data/prize/prize_orig.mzn","data/prize/12-3-4-6.dzn","Chuffed","OPTIMAL_SOLUTION","0.2224595956504345","prize","0.078","27","55","142","192","71","53","0.19","1615429456","44","84","808","0.0","273","2051","0.005","11","12","526","0.077","111","0.045985","0","157015","27","2137","526","0.0","maximize","21"
"prize","data/prize/prize_imp.mzn","data/prize/28-4-7-0.dzn","Chuffed","OPTIMAL_SOLUTION","25.96903907135129","prize","25.774","187","13210","485","598","139","79","0.63","1615430064","110","169","155537","0.0","1221","9195","0.015","","27","139348","23.453","432","0.052165","0","109812606","187","9366","139348","0.0","maximize","69"
"prize","data/prize/prize_orig.mzn","data/prize/18-3-6-2.dzn","Chuffed","OPTIMAL_SOLUTION","0.8380469270050526","prize","0.655","95","404","271","345","107","83","0.28","1615429513","68","126","7445","0.0","570","4536","0.009","17","17","5988","0.637","222","0.04981","0","2840172","95","4664","5988","0.0","maximize","43"
"prize","data/prize/prize_orig.mzn","data/prize/21-3-7-9.dzn","Chuffed","OPTIMAL_SOLUTION","2.91536932438612","prize","2.67","126","1728","349","435","125","98","0.42","1615429153","80","147","31012","0.0","759","6236","0.019","20","20","27678","2.324","291","0.051985","0","16273089","126","6385","27678","0.0","maximize","48"
"prize","data/prize/prize_imp.mzn","data/prize/18-3-6-8.dzn","Chuffed","OPTIMAL_SOLUTION","0.7187097519636154","prize","0.574","59","1444","220","293","89","49","0.28","1615429625","70","109","9557","0.0","516","3633","0.007","","17","7493","0.558","187","0.042439","0","2901736","59","3744","7493","0.0","maximize","32"
"prize","data/prize/prize_orig.mzn","data/prize/16-4-4-6.dzn","Chuffed","OPTIMAL_SOLUTION","0.38366030901670456","prize","0.204","58","73","224","290","95","73","0.28","1615429214","60","112","2095","0.0","459","3501","0.007","15","16","1422","0.164","181","0.048228","0","666340","58","3615","1422","0.0","maximize","40"
"prize","data/prize/prize_orig.mzn","data/prize/16-4-4-2.dzn","Chuffed","OPTIMAL_SOLUTION","0.36112646758556366","prize","0.194","61","120","224","290","95","73","0.28","1615429456","60","112","2160","0.0","459","3553","0.007","15","16","1393","0.17","181","0.044777","0","645753","61","3667","1393","0.0","maximize","25"
"prize","data/prize/prize_imp.mzn","data/prize/24-4-6-7.dzn","Chuffed","OPTIMAL_SOLUTION","3.1355433128774166","prize","2.968","141","2447","367","464","119","67","0.42","1615430108","94","145","35241","0.0","903","6470","0.012","","22","30979","2.837","322","0.049184","0","19026316","141","6617","30979","0.0","maximize","56"
"prize","data/prize/prize_imp.mzn","data/prize/35-5-7-4.dzn","Chuffed","SATISFIED","300.11668814346194","prize","","","","730","871","174","100","","","138","","","","","","","","","","","663","0.061666","0","","289","","","","maximize","-902"
"prize","data/prize/prize_imp.mzn","data/prize/21-3-7-6.dzn","Chuffed","OPTIMAL_SOLUTION","3.428967524319887","prize","3.268","113","3657","289","374","104","58","0.42","1615430030","82","127","39767","0.0","696","5225","0.009","","19","34639","3.13","250","0.047923","0","15361222","113","5354","34639","0.0","maximize","37"
"prize","data/prize/prize_imp.mzn","data/prize/15-3-5-5.dzn","Chuffed","OPTIMAL_SOLUTION","0.41234559193253517","prize","0.266","57","360","160","221","74","40","0.28","1615429846","58","91","3575","0.0","363","2587","0.005","","14","2700","0.259","133","0.043909","0","829748","57","2680","2700","0.0","maximize","29"
"prize","data/prize/prize_orig.mzn","data/prize/12-3-4-0.dzn","Chuffed","OPTIMAL_SOLUTION","0.25137413665652275","prize","0.074","36","40","142","192","71","53","0.19","1615429383","44","84","889","0.0","273","2068","0.005","11","12","552","0.069","111","0.045466","0","174227","36","2154","552","0.0","maximize","16"
"prize","data/prize/prize_orig.mzn","data/prize/30-5-6-2.dzn","Chuffed","OPTIMAL_SOLUTION","171.9186302907765","prize","171.693","213","29856","637","759","179","143","0.63","1615429542","116","210","627625","0.0","1488","11622","0.019","29","29","594022","149.939","552","0.057502","0","546776096","213","11834","594022","0.0","maximize","99"
"prize","data/prize/prize_imp.mzn","data/prize/21-3-7-5.dzn","Chuffed","OPTIMAL_SOLUTION","3.1825059317052364","prize","3.022","149","2901","289","374","104","58","0.42","1615429974","82","127","39322","0.0","696","4984","0.009","","19","34579","2.989","250","0.048205","0","14750340","149","5113","34579","0.0","maximize","34"
"prize","data/prize/prize_orig.mzn","data/prize/9-3-3-0.dzn","Chuffed","OPTIMAL_SOLUTION","0.2769451029598713","prize","0.03","18","6","91","129","53","38","0.19","1615429153","32","63","265","0.0","165","1205","0.015","8","9","136","0.03","69","0.040902","0","32700","18","1270","136","0.0","maximize","17"
"prize","data/prize/prize_orig.mzn","data/prize/30-5-6-4.dzn","Chuffed","OPTIMAL_SOLUTION","62.135040145367384","prize","61.934","221","23681","637","759","179","143","0.63","1615429468","116","210","282643","0.0","1488","12528","0.021","29","30","254923","48.365","552","0.05833","0","249356226","221","12740","254923","0.0","maximize","108"
"prize","data/prize/prize_imp.mzn","data/prize/30-5-6-3.dzn","Chuffed","OPTIMAL_SOLUTION","35.16372763738036","prize","34.976","222","19701","550","671","149","85","0.63","1615430115","118","181","232354","0.0","1398","10417","0.017","","28","208901","30.794","493","0.051494","0","166136063","222","10600","208901","0.0","maximize","76"
"prize","data/prize/prize_orig.mzn","data/prize/25-5-5-6.dzn","Chuffed","OPTIMAL_SOLUTION","4.934929151087999","prize","4.76","142","6251","467","569","149","118","0.42","1615429457","96","175","44953","0.0","1053","8265","0.014","24","25","36624","3.75","397","0.052449","0","29361915","142","8442","36624","0.0","maximize","79"
"prize","data/prize/prize_imp.mzn","data/prize/16-4-4-4.dzn","Chuffed","OPTIMAL_SOLUTION","0.4006754532456398","prize","0.258","61","205","179","244","79","43","0.28","1615429873","62","97","3058","0.0","411","2923","0.006","","15","2292","0.251","150","0.041994","0","889527","61","3022","2292","0.0","maximize","36"
"prize","data/prize/prize_imp.mzn","data/prize/35-5-7-2.dzn","Chuffed","SATISFIED","300.1722393594682","prize","","","","730","871","174","100","","","138","","","","","","","","","","","663","0.057153","0","","319","","","","maximize","-929"
"prize","data/prize/prize_orig.mzn","data/prize/15-3-5-8.dzn","Chuffed","OPTIMAL_SOLUTION","0.3542194440960884","prize","0.211","48","119","202","264","89","68","0.28","1615429157","56","105","2771","0.0","408","3171","0.006","14","15","2159","0.201","162","0.044573","0","786241","48","3278","2159","0.0","maximize","61"
"prize","data/prize/prize_imp.mzn","data/prize/24-4-6-4.dzn","Chuffed","OPTIMAL_SOLUTION","4.375282000750303","prize","4.203","143","3271","367","464","119","67","0.42","1615430069","94","145","43076","0.0","903","6349","0.012","","22","37861","3.521","322","0.050909","0","23963386","143","6496","37861","0.0","maximize","35"
"prize","data/prize/prize_orig.mzn","data/prize/25-5-5-0.dzn","Chuffed","OPTIMAL_SOLUTION","5.441459015011787","prize","5.259","199","3709","467","569","149","118","0.42","1615429506","96","175","49746","0.0","1053","8688","0.015","24","25","43140","5.123","397","0.056384","0","31052221","199","8865","43140","0.0","maximize","41"
"prize","data/prize/prize_orig.mzn","data/prize/30-5-6-8.dzn","Chuffed","OPTIMAL_SOLUTION","84.10851930454373","prize","83.834","223","21805","637","759","179","143","0.63","1615429153","116","210","374413","0.0","1488","11851","0.031","29","29","348907","55.044","552","0.058374","0","330051480","223","12063","348907","0.0","maximize","62"
"prize","data/prize/prize_imp.mzn","data/prize/15-3-5-7.dzn","Chuffed","OPTIMAL_SOLUTION","0.32082436978816986","prize","0.162","46","183","160","221","74","40","0.28","1615429826","58","91","2021","0.0","363","2619","0.005","","13","1398","0.154","133","0.043735","0","435827","46","2712","1398","0.0","maximize","21"
"prize","data/prize/prize_orig.mzn","data/prize/15-3-5-0.dzn","Chuffed","OPTIMAL_SOLUTION","0.39579232782125473","prize","0.241","50","232","202","264","89","68","0.28","1615429393","56","105","2982","0.0","408","3154","0.006","14","14","2226","0.217","162","0.048926","0","828201","50","3261","2226","0.0","maximize","20"
"prize","data/prize/prize_orig.mzn","data/prize/20-4-5-8.dzn","Chuffed","OPTIMAL_SOLUTION","1.514140136539936","prize","1.355","110","915","322","404","119","93","0.42","1615429544","76","140","16503","0.0","693","5449","0.01","19","19","14215","1.206","267","0.047431","0","7596628","110","5591","14215","0.0","maximize","20"
"prize","data/prize/prize_imp.mzn","data/prize/15-3-5-8.dzn","Chuffed","OPTIMAL_SOLUTION","0.3505907617509365","prize","0.212","48","191","160","221","74","40","0.28","1615429757","58","91","2752","0.0","363","2620","0.005","","14","2118","0.203","133","0.040241","0","657408","48","2713","2118","0.0","maximize","61"
"prize","data/prize/prize_imp.mzn","data/prize/20-4-5-9.dzn","Chuffed","OPTIMAL_SOLUTION","0.9478100128471851","prize","0.774","91","626","265","346","99","55","0.42","1615430112","78","121","8980","0.0","633","4447","0.008","","18","7352","0.697","228","0.047707","0","3702907","91","4570","7352","0.0","maximize","59"
"prize","data/prize/prize_imp.mzn","data/prize/16-4-4-9.dzn","Chuffed","OPTIMAL_SOLUTION","0.45139356330037117","prize","0.279","78","263","179","244","79","43","0.28","1615429719","62","97","3471","0.0","411","3124","0.006","","15","2459","0.264","150","0.044766","0","901788","78","3223","2459","0.0","maximize","14"
"prize","data/prize/prize_imp.mzn","data/prize/12-3-4-6.dzn","Chuffed","OPTIMAL_SOLUTION","0.22303977981209755","prize","0.068","27","103","109","158","59","31","0.19","1615429943","46","73","825","0.0","237","1684","0.004","","11","521","0.067","88","0.042296","0","131832","27","1759","521","0.0","maximize","21"
"prize","data/prize/prize_orig.mzn","data/prize/35-5-7-8.dzn","Chuffed","SATISFIED","300.09961573779583","prize","","","","832","974","209","168","","","136","","","","","","","34","","","","732","0.068198","0","","298","","","","maximize","-877"
"prize","data/prize/prize_imp.mzn","data/prize/24-4-6-9.dzn","Chuffed","OPTIMAL_SOLUTION","4.813458390533924","prize","4.641","123","4590","367","464","119","67","0.42","1615429589","94","145","52159","0.0","903","6476","0.012","","22","45966","4.098","322","0.051166","0","28132591","123","6623","45966","0.0","maximize","59"
"prize","data/prize/prize_orig.mzn","data/prize/40-5-8-4.dzn","Chuffed","SATISFIED","300.1260130442679","prize","","","","1052","1214","239","193","","","156","","","","","","","39","","","","937","0.065799","0","","231","","","","maximize","-3871"
"prize","data/prize/prize_orig.mzn","data/prize/24-4-6-0.dzn","Chuffed","OPTIMAL_SOLUTION","4.586935728788376","prize","4.406","125","3244","436","534","143","113","0.42","1615429474","92","168","42952","0.0","975","7713","0.014","23","23","37963","4.102","369","0.055293","0","27182337","125","7883","37963","0.0","maximize","64"
"prize","data/prize/prize_imp.mzn","data/prize/32-4-8-3.dzn","Chuffed","OPTIMAL_SOLUTION","264.1605278775096","prize","263.946","281","110728","619","748","159","91","0.63","1615429875","126","193","1192990","0.0","1587","12372","0.02","","31","1077557","245.082","558","0.058768","0","939809454","281","12567","1077557","0.0","maximize","83"
"prize","data/prize/prize_imp.mzn","data/prize/25-5-5-4.dzn","Chuffed","OPTIMAL_SOLUTION","7.982354857027531","prize","7.81","181","4712","395","496","124","70","0.42","1615430060","98","151","70001","0.0","978","7140","0.012","","24","62761","7.724","348","0.047558","0","42167956","181","7293","62761","0.0","maximize","32"
"prize","data/prize/prize_imp.mzn","data/prize/20-4-5-1.dzn","Chuffed","OPTIMAL_SOLUTION","1.3215262852609158","prize","1.161","113","1419","265","346","99","55","0.42","1615429626","78","121","16339","0.0","633","4577","0.008","","19","13621","1.069","228","0.044459","0","6195174","113","4700","13621","0.0","maximize","40"
"prize","data/prize/prize_orig.mzn","data/prize/35-5-7-4.dzn","Chuffed","SATISFIED","300.17444164678454","prize","","","","832","974","209","168","","","136","","","","","","","34","","","","732","0.06621","0","","287","","","","maximize","-906"
"prize","data/prize/prize_orig.mzn","data/prize/32-4-8-1.dzn","Chuffed","SATISFIED","300.0881073959172","prize","","","","712","842","191","153","","","124","","","","","","","31","","","","621","0.060378","0","","191","","","","maximize","-3903"
"prize","data/prize/prize_imp.mzn","data/prize/28-4-7-4.dzn","Chuffed","OPTIMAL_SOLUTION","27.055846244096756","prize","26.86","210","11862","485","598","139","79","0.63","1615430065","110","169","155922","0.0","1221","9346","0.016","","26","140702","24.218","432","0.053712","0","111930422","210","9517","140702","0.0","maximize","58"
"prize","data/prize/prize_orig.mzn","data/prize/12-3-4-2.dzn","Chuffed","OPTIMAL_SOLUTION","0.23841024935245514","prize","0.062","37","20","142","192","71","53","0.19","1615429213","44","84","641","0.0","273","2061","0.005","11","11","319","0.061","111","0.044941","0","115694","37","2147","319","0.0","maximize","35"
"prize","data/prize/prize_imp.mzn","data/prize/20-4-5-0.dzn","Chuffed","OPTIMAL_SOLUTION","1.1186669021844864","prize","0.959","92","1023","265","346","99","55","0.42","1615429623","78","121","13310","0.0","633","4447","0.009","","19","11224","0.888","228","0.047699","0","4914748","92","4570","11224","0.0","maximize","54"
"prize","data/prize/prize_orig.mzn","data/prize/25-5-5-8.dzn","Chuffed","OPTIMAL_SOLUTION","5.89360835403204","prize","5.633","172","2119","467","569","149","118","0.42","1615429153","96","175","47726","0.0","1053","8384","0.027","24","25","43125","5.058","397","0.053945","0","32115162","172","8561","43125","0.0","maximize","48"
"prize","data/prize/prize_orig.mzn","data/prize/30-5-6-1.dzn","Chuffed","OPTIMAL_SOLUTION","56.220955818891525","prize","56.022","218","11872","637","759","179","143","0.63","1615429512","116","210","243804","0.0","1488","11998","0.02","29","29","228446","48.249","552","0.056436","0","219583731","218","12210","228446","0.0","maximize","41"
"prize","data/prize/prize_orig.mzn","data/prize/40-5-8-8.dzn","Chuffed","SATISFIED","300.09222526848316","prize","","","","1052","1214","239","193","","","156","","","","","","","39","","","","937","0.070023","0","","220","","","","maximize","-5940"
"prize","data/prize/prize_imp.mzn","data/prize/45-5-9-5.dzn","Chuffed","SATISFIED","300.0880549065769","prize","","","","1165","1346","224","130","","","178","","","","","","","","","","","1078","0.073429","0","","319","","","","maximize","-7918"
"prize","data/prize/prize_imp.mzn","data/prize/40-5-8-3.dzn","Chuffed","SATISFIED","300.1703960932791","prize","","","","935","1096","199","115","","","158","","","","","","","","","","","858","0.067209","0","","223","","","","maximize","-4867"
"prize","data/prize/prize_imp.mzn","data/prize/16-4-4-5.dzn","Chuffed","OPTIMAL_SOLUTION","0.3858845941722393","prize","0.236","56","331","179","244","79","43","0.28","1615429847","62","97","2741","0.0","411","2928","0.006","","15","1888","0.213","150","0.044272","0","727122","56","3027","1888","0.0","maximize","36"
"prize","data/prize/prize_imp.mzn","data/prize/25-5-5-5.dzn","Chuffed","OPTIMAL_SOLUTION","5.456091709434986","prize","5.28","156","3741","395","496","124","70","0.42","1615430034","98","151","52441","0.0","978","7107","0.012","","23","46544","4.375","348","0.050601","0","29141259","156","7260","46544","0.0","maximize","57"
"prize","data/prize/prize_orig.mzn","data/prize/20-4-5-9.dzn","Chuffed","OPTIMAL_SOLUTION","1.0948828049004078","prize","0.932","91","564","322","404","119","93","0.42","1615429541","76","140","9760","0.0","693","5383","0.01","19","19","8096","0.823","267","0.051013","0","4690981","91","5525","8096","0.0","maximize","59"
"prize","data/prize/prize_orig.mzn","data/prize/35-5-7-9.dzn","Chuffed","SATISFIED","300.1419829837978","prize","","","","832","974","209","168","","","136","","","","","","","34","","","","732","0.068362","0","","262","","","","maximize","-903"
"prize","data/prize/prize_imp.mzn","data/prize/25-5-5-6.dzn","Chuffed","OPTIMAL_SOLUTION","4.070050425827503","prize","3.906","142","6245","395","496","124","70","0.42","1615429975","98","151","43194","0.0","978","6844","0.012","","24","35026","3.136","348","0.048006","0","23979301","142","6997","35026","0.0","maximize","79"
"prize","data/prize/prize_orig.mzn","data/prize/18-3-6-7.dzn","Chuffed","OPTIMAL_SOLUTION","0.7825501523911953","prize","0.631","73","659","271","345","107","83","0.28","1615429467","68","126","7988","0.0","570","4491","0.008","17","17","6502","0.603","222","0.046426","0","3045440","73","4619","6502","0.0","maximize","64"
"prize","data/prize/prize_orig.mzn","data/prize/21-3-7-8.dzn","Chuffed","OPTIMAL_SOLUTION","3.3634833581745625","prize","3.111","114","4266","349","435","125","98","0.42","1615429153","80","147","37389","0.0","759","6044","0.026","20","20","31566","3.054","291","0.053217","0","17639869","114","6193","31566","0.0","maximize","36"
"prize","data/prize/prize_imp.mzn","data/prize/20-4-5-8.dzn","Chuffed","OPTIMAL_SOLUTION","1.4016115181148052","prize","1.236","110","1211","265","346","99","55","0.42","1615430117","78","121","16266","0.0","633","4510","0.009","","18","13807","1.108","228","0.047065","0","6246595","110","4633","13807","0.0","maximize","20"
"prize","data/prize/prize_orig.mzn","data/prize/21-3-7-5.dzn","Chuffed","OPTIMAL_SOLUTION","3.775727014988661","prize","3.617","149","2649","349","435","125","98","0.42","1615429457","80","147","41338","0.0","759","6009","0.01","20","20","36685","3.554","291","0.048761","0","19179115","149","6158","36685","0.0","maximize","34"
"prize","data/prize/prize_imp.mzn","data/prize/15-3-5-4.dzn","Chuffed","OPTIMAL_SOLUTION","0.35772423073649406","prize","0.219","47","152","160","221","74","40","0.28","1615429873","58","91","2802","0.0","363","2589","0.005","","13","2249","0.216","133","0.040605","0","669655","47","2682","2249","0.0","maximize","46"
"prize","data/prize/prize_orig.mzn","data/prize/16-4-4-8.dzn","Chuffed","OPTIMAL_SOLUTION","0.4752427637577057","prize","0.322","79","118","224","290","95","73","0.28","1615429157","60","112","3285","0.0","459","3557","0.008","15","16","2363","0.3","181","0.048908","0","1062241","79","3671","2363","0.0","maximize","30"
"prize","data/prize/prize_imp.mzn","data/prize/40-5-8-5.dzn","Chuffed","SATISFIED","300.17231135070324","prize","","","","935","1096","199","115","","","158","","","","","","","","","","","858","0.066139","0","","226","","","","maximize","-4907"
"prize","data/prize/prize_orig.mzn","data/prize/28-4-7-0.dzn","Chuffed","OPTIMAL_SOLUTION","31.74770873039961","prize","31.537","187","11885","566","680","167","133","0.63","1615429494","108","196","163691","0.0","1305","10966","0.019","27","28","148625","27.824","487","0.059459","0","136624816","187","11164","148625","0.0","maximize","69"
"prize","data/prize/prize_orig.mzn","data/prize/28-4-7-9.dzn","Chuffed","OPTIMAL_SOLUTION","57.930848613381386","prize","57.653","217","27272","566","680","167","133","0.63","1615429153","108","196","282684","0.0","1305","10698","0.03","27","27","251696","52.257","487","0.060341","0","231607883","217","10896","251696","0.0","maximize","105"
"prize","data/prize/prize_imp.mzn","data/prize/16-4-4-2.dzn","Chuffed","OPTIMAL_SOLUTION","0.35970667377114296","prize","0.166","61","194","179","244","79","43","0.28","1615429942","62","97","2080","0.0","411","2940","0.006","","15","1301","0.156","150","0.044511","0","526725","61","3039","1301","0.0","maximize","25"
"prize","data/prize/prize_imp.mzn","data/prize/18-3-6-2.dzn","Chuffed","OPTIMAL_SOLUTION","0.7353023402392864","prize","0.583","95","572","220","293","89","49","0.28","1615430073","70","109","7424","0.0","516","3760","0.007","","17","5894","0.57","187","0.046392","0","2392278","95","3871","5894","0.0","maximize","43"
"prize","data/prize/prize_orig.mzn","data/prize/32-4-8-3.dzn","Chuffed","OPTIMAL_SOLUTION","294.16389037296176","prize","293.943","281","97935","712","842","191","153","0.63","1615429394","124","224","1173829","0.0","1683","14642","0.023","31","32","1070830","270.961","621","0.064937","0","1093012443","281","14868","1070830","0.0","maximize","83"
"prize","data/prize/prize_orig.mzn","data/prize/45-5-9-4.dzn","Chuffed","SATISFIED","300.1077470295131","prize","","","","1297","1479","269","218","","","176","","","","","","","44","","","","1167","0.091194","0","","274","","","","maximize","-7887"
"prize","data/prize/prize_orig.mzn","data/prize/15-3-5-9.dzn","Chuffed","OPTIMAL_SOLUTION","0.3493364378809929","prize","0.181","65","142","202","264","89","68","0.28","1615429156","56","105","2309","0.0","408","3182","0.006","14","14","1482","0.178","162","0.043051","0","581588","65","3289","1482","0.0","maximize","38"
"prize","data/prize/prize_orig.mzn","data/prize/21-3-7-6.dzn","Chuffed","OPTIMAL_SOLUTION","3.8180479742586613","prize","3.642","113","3574","349","435","125","98","0.42","1615429463","80","147","41468","0.0","759","6251","0.011","20","20","36290","3.441","291","0.052868","0","19400939","113","6400","36290","0.0","maximize","37"
"prize","data/prize/prize_imp.mzn","data/prize/12-3-4-3.dzn","Chuffed","OPTIMAL_SOLUTION","0.2501484528183937","prize","0.089","36","135","109","158","59","31","0.19","1615429825","46","73","1185","0.0","237","1734","0.004","","11","779","0.087","88","0.042469","0","186603","36","1809","779","0.0","maximize","49"
"prize","data/prize/prize_imp.mzn","data/prize/9-3-3-7.dzn","Chuffed","OPTIMAL_SOLUTION","0.18012560531497002","prize","0.029","21","26","67","104","44","22","0.19","1615429758","34","55","308","0.0","138","995","0.002","","8","161","0.029","52","0.038857","0","32619","21","1052","161","0.0","maximize","24"
"prize","data/prize/prize_imp.mzn","data/prize/18-3-6-0.dzn","Chuffed","OPTIMAL_SOLUTION","1.076336070895195","prize","0.932","94","1623","220","293","89","49","0.28","1615430115","70","109","14954","0.0","516","3809","0.007","","16","12336","0.89","187","0.043346","0","4459658","94","3920","12336","0.0","maximize","33"
"prize","data/prize/prize_orig.mzn","data/prize/40-5-8-5.dzn","Chuffed","SATISFIED","300.18786326795816","prize","","","","1052","1214","239","193","","","156","","","","","","","39","","","","937","0.074999","0","","226","","","","maximize","-4907"
"prize","data/prize/prize_orig.mzn","data/prize/30-5-6-5.dzn","Chuffed","OPTIMAL_SOLUTION","74.62227614596486","prize","74.41","204","21256","637","759","179","143","0.63","1615429469","116","210","361258","0.0","1488","12135","0.021","29","30","336464","63.78","552","0.063279","0","339872207","204","12347","336464","0.0","maximize","104"
"prize","data/prize/prize_imp.mzn","data/prize/28-4-7-2.dzn","Chuffed","OPTIMAL_SOLUTION","43.932824332267046","prize","43.734","219","38428","485","598","139","79","0.63","1615429965","110","169","249893","0.0","1221","8979","0.016","","26","208264","40.732","432","0.053363","0","152444280","219","9150","208264","0.0","maximize","91"
"prize","data/prize/prize_imp.mzn","data/prize/21-3-7-8.dzn","Chuffed","OPTIMAL_SOLUTION","2.9209031388163567","prize","2.769","114","4356","289","374","104","58","0.42","1615429627","82","127","36876","0.0","696","5021","0.009","","19","31082","2.726","250","0.044629","0","14539615","114","5150","31082","0.0","maximize","36"
"prize","data/prize/prize_orig.mzn","data/prize/35-5-7-5.dzn","Chuffed","OPTIMAL_SOLUTION","225.2211849167943","prize","224.957","303","68031","832","974","209","168","0.63","1615429157","136","245","787825","0.0","1998","16371","0.029","34","34","713948","189.728","732","0.066071","0","835175279","303","16618","713948","0.0","maximize","114"
"prize","data/prize/prize_imp.mzn","data/prize/15-3-5-0.dzn","Chuffed","OPTIMAL_SOLUTION","0.3578059896826744","prize","0.219","50","293","160","221","74","40","0.28","1615429874","58","91","2813","0.0","363","2600","0.005","","13","2053","0.195","133","0.041124","0","640224","50","2693","2053","0.0","maximize","20"
"prize","data/prize/prize_orig.mzn","data/prize/24-4-6-9.dzn","Chuffed","OPTIMAL_SOLUTION","6.360544830560684","prize","6.102","123","4110","436","534","143","113","0.42","1615429153","92","168","57454","0.0","975","7800","0.025","23","23","51603","5.207","369","0.05307","0","37580706","123","7970","51603","0.0","maximize","59"
"prize","data/prize/prize_orig.mzn","data/prize/15-3-5-2.dzn","Chuffed","OPTIMAL_SOLUTION","0.3807174675166607","prize","0.24","57","161","202","264","89","68","0.28","1615429456","56","105","3207","0.0","408","3223","0.006","14","14","2468","0.231","162","0.043655","0","876487","57","3330","2468","0.0","maximize","34"
"prize","data/prize/prize_orig.mzn","data/prize/20-4-5-2.dzn","Chuffed","OPTIMAL_SOLUTION","1.2057787105441093","prize","0.962","106","1191","322","404","119","93","0.42","1615429153","76","140","11483","0.0","693","5466","0.021","19","19","8990","0.877","267","0.054058","0","5595230","106","5608","8990","0.0","maximize","47"
"prize","data/prize/prize_orig.mzn","data/prize/45-5-9-6.dzn","Chuffed","SATISFIED","300.1861587688327","prize","","","","1297","1479","269","218","","","176","","","","","","","44","","","","1167","0.090797","0","","245","","","","maximize","-8923"
"prize","data/prize/prize_imp.mzn","data/prize/21-3-7-3.dzn","Chuffed","OPTIMAL_SOLUTION","3.422808162868023","prize","3.257","98","3503","289","374","104","58","0.42","1615430067","82","127","41071","0.0","696","4974","0.009","","19","36390","3.062","250","0.049397","0","16840312","98","5103","36390","0.0","maximize","37"
"prize","data/prize/prize_imp.mzn","data/prize/40-5-8-2.dzn","Chuffed","SATISFIED","300.1404936388135","prize","","","","935","1096","199","115","","","158","","","","","","","","","","","858","0.06854","0","","258","","","","maximize","-4899"
"prize","data/prize/prize_orig.mzn","data/prize/18-3-6-0.dzn","Chuffed","OPTIMAL_SOLUTION","1.223950371146202","prize","1.065","94","1499","271","345","107","83","0.28","1615429543","68","126","15270","0.0","570","4573","0.009","17","17","12672","1.006","222","0.050062","0","5676906","94","4701","12672","0.0","maximize","33"
"prize","data/prize/prize_orig.mzn","data/prize/15-3-5-4.dzn","Chuffed","OPTIMAL_SOLUTION","0.4076308347284794","prize","0.255","47","109","202","264","89","68","0.28","1615429385","56","105","3095","0.0","408","3149","0.007","14","14","2530","0.25","162","0.047237","0","868852","47","3256","2530","0.0","maximize","46"
"prize","data/prize/prize_imp.mzn","data/prize/9-3-3-8.dzn","Chuffed","OPTIMAL_SOLUTION","0.18569368496537209","prize","0.031","21","26","67","104","44","22","0.19","1615429839","34","55","299","0.0","138","994","0.003","","8","147","0.03","52","0.040702","0","28501","21","1051","147","0.0","maximize","18"
"prize","data/prize/prize_orig.mzn","data/prize/45-5-9-3.dzn","Chuffed","SATISFIED","300.08743342757225","prize","","","","1297","1479","269","218","","","176","","","","","","","44","","","","1167","0.086333","0","","310","","","","maximize","-7947"
"prize","data/prize/prize_orig.mzn","data/prize/20-4-5-1.dzn","Chuffed","OPTIMAL_SOLUTION","1.4539776518940926","prize","1.216","113","1297","322","404","119","93","0.42","1615429153","76","140","16775","0.0","693","5504","0.021","19","20","14044","1.105","267","0.049749","0","7366247","113","5646","14044","0.0","maximize","40"
"prize","data/prize/prize_imp.mzn","data/prize/12-3-4-2.dzn","Chuffed","OPTIMAL_SOLUTION","0.24145244807004929","prize","0.055","37","48","109","158","59","31","0.19","1615429821","46","73","623","0.0","237","1694","0.004","","10","315","0.054","88","0.042407","0","100364","37","1769","315","0.0","maximize","35"
"prize","data/prize/prize_imp.mzn","data/prize/24-4-6-2.dzn","Chuffed","OPTIMAL_SOLUTION","5.075332842767239","prize","4.902","109","4765","367","464","119","67","0.42","1615429978","94","145","51730","0.0","903","6438","0.012","","23","45521","4.432","322","0.050047","0","27478468","109","6585","45521","0.0","maximize","53"
"prize","data/prize/prize_imp.mzn","data/prize/45-5-9-4.dzn","Chuffed","SATISFIED","300.0901179946959","prize","","","","1165","1346","224","130","","","178","","","","","","","","","","","1078","0.074125","0","","278","","","","maximize","-6918"
"prize","data/prize/prize_orig.mzn","data/prize/45-5-9-0.dzn","Chuffed","SATISFIED","300.08146320283413","prize","","","","1297","1479","269","218","","","176","","","","","","","44","","","","1167","0.084009","0","","281","","","","maximize","-7927"
"prize","data/prize/prize_orig.mzn","data/prize/9-3-3-5.dzn","Chuffed","OPTIMAL_SOLUTION","0.1924104280769825","prize","0.034","17","9","91","129","53","38","0.19","1615429158","32","63","360","0.0","165","1233","0.004","8","9","219","0.032","69","0.044115","0","44583","17","1298","219","0.0","maximize","3"
"prize","data/prize/prize_imp.mzn","data/prize/40-5-8-4.dzn","Chuffed","SATISFIED","300.1666793525219","prize","","","","935","1096","199","115","","","158","","","","","","","","","","","858","0.067425","0","","231","","","","maximize","-3871"
"prize","data/prize/prize_orig.mzn","data/prize/45-5-9-5.dzn","Chuffed","SATISFIED","300.13242603838444","prize","","","","1297","1479","269","218","","","176","","","","","","","44","","","","1167","0.090507","0","","313","","","","maximize","-7935"
"prize","data/prize/prize_imp.mzn","data/prize/35-5-7-9.dzn","Chuffed","SATISFIED","300.16358828917146","prize","","","","730","871","174","100","","","138","","","","","","","","","","","663","0.061223","0","","262","","","","maximize","-903"
"prize","data/prize/prize_orig.mzn","data/prize/25-5-5-9.dzn","Chuffed","OPTIMAL_SOLUTION","7.678142610937357","prize","7.417","175","6095","467","569","149","118","0.42","1615429153","96","175","68659","0.0","1053","8422","0.024","24","24","59928","5.667","397","0.057811","0","45759076","175","8599","59928","0.0","maximize","65"
"prize","data/prize/prize_orig.mzn","data/prize/28-4-7-4.dzn","Chuffed","OPTIMAL_SOLUTION","31.917068511247635","prize","31.712","210","10727","566","680","167","133","0.63","1615429497","108","196","161009","0.0","1305","11111","0.018","27","27","146667","28.136","487","0.05901","0","137151980","210","11309","146667","0.0","maximize","58"
"prize","data/prize/prize_imp.mzn","data/prize/30-5-6-1.dzn","Chuffed","OPTIMAL_SOLUTION","48.537023071199656","prize","48.337","218","12509","550","671","149","85","0.63","1615430072","118","181","233584","0.0","1398","9990","0.018","","28","217840","41.676","493","0.054961","0","185147010","218","10173","217840","0.0","maximize","41"
"prize","data/prize/prize_imp.mzn","data/prize/40-5-8-8.dzn","Chuffed","SATISFIED","300.0821707174182","prize","","","","935","1096","199","115","","","158","","","","","","","","","","","858","0.067684","0","","227","","","","maximize","-4944"
"prize","data/prize/prize_orig.mzn","data/prize/25-5-5-5.dzn","Chuffed","OPTIMAL_SOLUTION","6.842922385782003","prize","6.656","156","3541","467","569","149","118","0.42","1615429465","96","175","58164","0.0","1053","8537","0.016","24","24","52287","5.292","397","0.05652","0","38128658","156","8714","52287","0.0","maximize","57"
"prize","data/prize/prize_orig.mzn","data/prize/16-4-4-9.dzn","Chuffed","OPTIMAL_SOLUTION","0.4620601683855057","prize","0.313","78","190","224","290","95","73","0.28","1615429156","60","112","3716","0.0","459","3736","0.007","15","16","2681","0.289","181","0.04807","0","1135425","78","3850","2681","0.0","maximize","14"
"prize","data/prize/prize_orig.mzn","data/prize/24-4-6-6.dzn","Chuffed","OPTIMAL_SOLUTION","14.856929756700993","prize","14.664","157","6885","436","534","143","113","0.42","1615429546","92","168","107811","0.0","975","7907","0.015","23","23","98607","13.504","369","0.05549","0","64731533","157","8077","98607","0.0","maximize","25"
"prize","data/prize/prize_orig.mzn","data/prize/16-4-4-0.dzn","Chuffed","OPTIMAL_SOLUTION","0.47177261859178543","prize","0.326","60","232","224","290","95","73","0.28","1615429454","60","112","3945","0.0","459","3591","0.007","15","16","3090","0.29","181","0.045456","0","1355313","60","3705","3090","0.0","maximize","36"
"prize","data/prize/prize_imp.mzn","data/prize/16-4-4-7.dzn","Chuffed","OPTIMAL_SOLUTION","0.4200922027230263","prize","0.272","63","259","179","244","79","43","0.28","1615429824","62","97","3326","0.0","411","2967","0.006","","15","2446","0.258","150","0.044585","0","864999","63","3066","2446","0.0","maximize","39"
"prize","data/prize/prize_imp.mzn","data/prize/9-3-3-5.dzn","Chuffed","OPTIMAL_SOLUTION","0.17732057347893715","prize","0.031","17","34","67","104","44","22","0.19","1615429758","34","55","356","0.0","138","1014","0.002","","8","210","0.029","52","0.039419","0","35742","17","1071","210","0.0","maximize","3"
"prize","data/prize/prize_imp.mzn","data/prize/18-3-6-1.dzn","Chuffed","OPTIMAL_SOLUTION","0.7356726489961147","prize","0.593","73","940","220","293","89","49","0.28","1615430114","70","109","9316","0.0","516","3678","0.007","","17","7556","0.546","187","0.042086","0","2642319","73","3789","7556","0.0","maximize","38"
"prize","data/prize/prize_orig.mzn","data/prize/18-3-6-6.dzn","Chuffed","OPTIMAL_SOLUTION","0.8738464824855328","prize","0.721","58","918","271","345","107","83","0.28","1615429472","68","126","10361","0.0","570","4508","0.008","17","18","8710","0.638","222","0.047786","0","3950892","58","4636","8710","0.0","maximize","42"
"prize","data/prize/prize_orig.mzn","data/prize/35-5-7-2.dzn","Chuffed","SATISFIED","300.1379935666919","prize","","","","832","974","209","168","","","136","","","","","","","34","","","","732","0.058878","0","","319","","","","maximize","-929"
"prize","data/prize/prize_imp.mzn","data/prize/15-3-5-2.dzn","Chuffed","OPTIMAL_SOLUTION","0.38244250789284706","prize","0.236","57","201","160","221","74","40","0.28","1615429964","58","91","3035","0.0","363","2669","0.005","","13","2320","0.228","133","0.043867","0","699598","57","2762","2320","0.0","maximize","34"
"prize","data/prize/prize_orig.mzn","data/prize/40-5-8-2.dzn","Chuffed","SATISFIED","300.10789335891604","prize","","","","1052","1214","239","193","","","156","","","","","","","39","","","","937","0.075433","0","","258","","","","maximize","-4899"
"prize","data/prize/prize_imp.mzn","data/prize/9-3-3-0.dzn","Chuffed","OPTIMAL_SOLUTION","0.1723526045680046","prize","0.029","18","27","67","104","44","22","0.19","1615429628","34","55","267","0.0","138","989","0.003","","8","135","0.028","52","0.038456","0","26881","18","1046","135","0.0","maximize","17"
"prize","data/prize/prize_imp.mzn","data/prize/32-4-8-7.dzn","Chuffed","OPTIMAL_SOLUTION","259.9448083899915","prize","259.748","279","153098","619","748","159","91","0.63","1615429874","126","193","1064209","0.0","1587","11559","0.019","","30","906148","236.682","558","0.055294","0","829495002","279","11754","906148","0.0","maximize","99"
"prize","data/prize/prize_orig.mzn","data/prize/28-4-7-2.dzn","Chuffed","OPTIMAL_SOLUTION","49.28694682568312","prize","49.094","219","31098","566","680","167","133","0.63","1615429456","108","196","249480","0.0","1305","10746","0.017","27","27","214905","45.758","487","0.055561","0","179858248","219","10944","214905","0.0","maximize","91"
"prize","data/prize/prize_orig.mzn","data/prize/20-4-5-7.dzn","Chuffed","OPTIMAL_SOLUTION","1.2340221889317036","prize","0.988","92","498","322","404","119","93","0.42","1615429153","76","140","12005","0.0","693","5429","0.019","19","19","10382","0.894","267","0.055851","0","5961495","92","5571","10382","0.0","maximize","62"
"prize","data/prize/prize_orig.mzn","data/prize/24-4-6-4.dzn","Chuffed","OPTIMAL_SOLUTION","5.595124065876007","prize","5.418","143","2929","436","534","143","113","0.42","1615429506","92","168","45796","0.0","975","7662","0.014","23","23","40751","4.501","369","0.054951","0","30465310","143","7832","40751","0.0","maximize","35"
"prize","data/prize/prize_orig.mzn","data/prize/30-5-6-9.dzn","Chuffed","OPTIMAL_SOLUTION","73.41260105744004","prize","73.135","201","26433","637","759","179","143","0.63","1615429153","116","210","360115","0.0","1488","12461","0.033","29","30","330144","54.617","552","0.060965","0","293733495","201","12673","330144","0.0","maximize","96"
"prize","data/prize/prize_imp.mzn","data/prize/25-5-5-0.dzn","Chuffed","OPTIMAL_SOLUTION","4.300791069865227","prize","4.133","199","3800","395","496","124","70","0.42","1615430068","98","151","45207","0.0","978","7267","0.012","","24","38747","4.043999","348","0.047407","0","24124182","199","7420","38747","0.0","maximize","41"
"prize","data/prize/prize_imp.mzn","data/prize/35-5-7-5.dzn","Chuffed","OPTIMAL_SOLUTION","180.9640162177384","prize","180.747","303","69719","730","871","174","100","0.63","1615429756","138","211","743271","0.0","1893","13675","0.023","","33","668085","152.42","663","0.06115","0","684651865","303","13888","668085","0.0","maximize","114"
"prize","data/prize/prize_orig.mzn","data/prize/16-4-4-4.dzn","Chuffed","OPTIMAL_SOLUTION","0.4556233771145344","prize","0.3","61","160","224","290","95","73","0.28","1615429384","60","112","3200","0.0","459","3541","0.007","15","16","2410","0.291","181","0.048422","0","1067773","61","3655","2410","0.0","maximize","36"
"prize","data/prize/prize_orig.mzn","data/prize/18-3-6-1.dzn","Chuffed","OPTIMAL_SOLUTION","0.8061116822063923","prize","0.644","73","846","271","345","107","83","0.28","1615429542","68","126","9616","0.0","570","4456","0.009","17","17","7876","0.579","222","0.050873","0","3322938","73","4584","7876","0.0","maximize","38"
"prize","data/prize/prize_imp.mzn","data/prize/32-4-8-6.dzn","Chuffed","SATISFIED","300.07663276046515","prize","","","","619","748","159","91","","","126","","","","","","","","","","","558","0.057887","0","","278","","","","maximize","64"
"prize","data/prize/prize_orig.mzn","data/prize/18-3-6-9.dzn","Chuffed","OPTIMAL_SOLUTION","0.965099323540926","prize","0.73","80","741","271","345","107","83","0.28","1615429153","68","126","10975","0.0","570","4477","0.02","17","17","9344","0.696","222","0.048028","0","4023901","80","4605","9344","0.0","maximize","23"
"prize","data/prize/prize_orig.mzn","data/prize/24-4-6-1.dzn","Chuffed","OPTIMAL_SOLUTION","5.495148204267025","prize","5.324","105","6665","436","534","143","113","0.42","1615429466","92","168","50480","0.0","975","7686","0.014","23","24","42226","4.152","369","0.050979","0","31490199","105","7856","42226","0.0","maximize","89"
"prize","data/prize/prize_imp.mzn","data/prize/45-5-9-0.dzn","Chuffed","SATISFIED","300.10671762004495","prize","","","","1165","1346","224","130","","","178","","","","","","","","","","","1078","0.074553","0","","288","","","","maximize","-7907"
"prize","data/prize/prize_imp.mzn","data/prize/16-4-4-6.dzn","Chuffed","OPTIMAL_SOLUTION","0.35546131432056427","prize","0.17","58","141","179","244","79","43","0.28","1615429823","62","97","1997","0.0","411","2883","0.006","","15","1319","0.154","150","0.044822","0","539627","58","2982","1319","0.0","maximize","40"
"prize","data/prize/prize_imp.mzn","data/prize/24-4-6-6.dzn","Chuffed","OPTIMAL_SOLUTION","12.07704620808363","prize","11.899","157","7904","367","464","119","67","0.42","1615430121","94","145","102721","0.0","903","6583","0.012","","22","92670","11.137","322","0.049125","0","50858222","157","6730","92670","0.0","maximize","25"
"prize","data/prize/prize_orig.mzn","data/prize/24-4-6-2.dzn","Chuffed","OPTIMAL_SOLUTION","6.495857611298561","prize","6.322","109","4115","436","534","143","113","0.42","1615429457","92","168","54244","0.0","975","7760","0.013","23","24","48562","5.63","369","0.051838","0","34801056","109","7930","48562","0.0","maximize","53"
"prize","data/prize/prize_orig.mzn","data/prize/24-4-6-7.dzn","Chuffed","OPTIMAL_SOLUTION","4.119631957262754","prize","3.942","141","2356","436","534","143","113","0.42","1615429536","92","168","37712","0.0","975","7783","0.014","23","23","33368","3.722","369","0.055671","0","24288479","141","7953","33368","0.0","maximize","56"
"prize","data/prize/prize_imp.mzn","data/prize/35-5-7-3.dzn","Chuffed","SATISFIED","300.10643856599927","prize","","","","730","871","174","100","","","138","","","","","","","","","","","663","0.061793","0","","215","","","","maximize","-1935"
"prize","data/prize/prize_orig.mzn","data/prize/9-3-3-7.dzn","Chuffed","OPTIMAL_SOLUTION","0.18451682105660439","prize","0.044","21","7","91","129","53","38","0.19","1615429158","32","63","316","0.0","165","1213","0.004","8","9","165","0.044","69","0.041871","0","40220","21","1278","165","0.0","maximize","24"
"prize","data/prize/prize_imp.mzn","data/prize/12-3-4-0.dzn","Chuffed","OPTIMAL_SOLUTION","0.24176426976919174","prize","0.065","36","89","109","158","59","31","0.19","1615429872","46","73","863","0.0","237","1699","0.004","","11","514","0.062","88","0.042217","0","141049","36","1774","514","0.0","maximize","16"
