"problem","model","data_file","configuration","status","time","run","peakMem","baseMem","nodes","failures","flatTime","randomSeed","solveTime","objective","backjumps","method","variables","boolVariables","propagators","flatBoolConstraints","trailMem","optTime","flatIntVars","peakDepth","nogoods","paths","propagations","flatBoolVars","evaluatedReifiedConstraints","nSolutions","restarts","initTime","flatIntConstraints","intVars","evaluatedHalfReifiedConstraints"
"qcp_max","data/qcp_max/qcp_max_imp.mzn","data/qcp_max/qcp-15-120-0.dzn","Chuffed","OPTIMAL_SOLUTION","0.2384050264954567","qcp_max","0.0","0.0","44","12","0.106883","1615430480","0.014","30","0","maximize","4364","4191","32","","0.02","0.013","157","31","12","0","1522","30","","1","1","0.006","61","171","60"
"qcp_max","data/qcp_max/qcp_max_redef.mzn","data/qcp_max/qcp-15-120-2.dzn","Chuffed","OPTIMAL_SOLUTION","0.9956451915204525","qcp_max","0.0","0.0","6951","5924","0.232568","1615430239","0.558","30","1006","maximize","7450","7279","9452","30","0.08","0.553","155","28","5924","0","3051169","3180","3180","1","1","0.047","3181","169",""
"qcp_max","data/qcp_max/qcp_max_redef.mzn","data/qcp_max/qcp-25-264-14.dzn","Chuffed","UNKNOWN","300.4440344721079","qcp_max","","","","","0.604326","","","","","maximize","","","","50","","","330","","","0","","15050","15050","0","","","15051","",""
"qcp_max","data/qcp_max/qcp_max_imp.mzn","data/qcp_max/qcp-20-187-13.dzn","Chuffed","OPTIMAL_SOLUTION","0.8791433796286583","qcp_max","0.0","0.0","2717","2175","0.110564","1615430418","0.651","40","517","maximize","8716","8457","42","","0.02","0.65","238","37","2175","0","335328","40","","1","1","0.011","81","257","80"
"qcp_max","data/qcp_max/qcp_max_redef.mzn","data/qcp_max/qcp-10-67-6.dzn","Chuffed","OPTIMAL_SOLUTION","0.25715385377407074","qcp_max","0.0","0.0","100","58","0.123084","1615430141","0.01","20","15","maximize","2702","2599","2702","20","0.02","0.01","93","26","58","0","19248","920","920","1","1","0.013","921","101",""
"qcp_max","data/qcp_max/qcp_max_imp.mzn","data/qcp_max/qcp-25-264-6.dzn","Chuffed","OPTIMAL_SOLUTION","128.0035856217146","qcp_max","0.0","0.0","140148","127919","0.117001","1615430360","127.729","50","12183","maximize","14904","14551","52","","0.04","127.629","327","52","127919","0","28402083","50","","1","1","0.018","101","351","100"
"qcp_max","data/qcp_max/qcp_max_imp.mzn","data/qcp_max/qcp-15-120-7.dzn","Chuffed","OPTIMAL_SOLUTION","0.25336604192852974","qcp_max","0.0","0.0","314","208","0.106915","1615430504","0.039","30","78","maximize","4428","4253","32","","0.02","0.039","159","31","208","0","18635","30","","1","1","0.006","61","173","60"
"qcp_max","data/qcp_max/qcp_max_redef.mzn","data/qcp_max/qcp-15-120-13.dzn","Chuffed","OPTIMAL_SOLUTION","0.44256164506077766","qcp_max","0.0","0.0","679","383","0.201557","1615430232","0.04","30","272","maximize","7514","7341","9452","30","0.08","0.039","157","29","383","0","293684","3180","3180","1","1","0.046","3181","171",""
"qcp_max","data/qcp_max/qcp_max_redef.mzn","data/qcp_max/qcp-15-120-11.dzn","Chuffed","OPTIMAL_SOLUTION","0.7492208518087864","qcp_max","0.0","0.0","4560","3825","0.202008","1615430233","0.33","30","707","maximize","7578","7403","9452","30","0.08","0.327","159","32","3825","0","2188753","3180","3180","1","1","0.047","3181","173",""
"qcp_max","data/qcp_max/qcp_max_imp.mzn","data/qcp_max/qcp-20-187-5.dzn","Chuffed","OPTIMAL_SOLUTION","37.25438394770026","qcp_max","0.0","0.0","131850","116046","0.109875","1615430454","37.011","40","15765","maximize","8674","8416","42","","0.02","36.975","237","52","116046","0","11262961","40","","1","1","0.011","81","256","80"
"qcp_max","data/qcp_max/qcp_max_imp.mzn","data/qcp_max/qcp-20-187-11.dzn","Chuffed","UNKNOWN","300.18127742782235","qcp_max","","","","","0.102825","","","","","maximize","","","","","","","235","","","0","","40","","0","","","81","","80"
"qcp_max","data/qcp_max/qcp_max_redef.mzn","data/qcp_max/qcp-10-67-14.dzn","Chuffed","OPTIMAL_SOLUTION","44.47564821690321","qcp_max","0.0","0.0","84179","72706","0.130407","1615430300","44.193","18","11449","maximize","2640","2539","2702","20","0.02","44.135","90","28","72706","0","14478729","920","920","1","1","0.014","921","99",""
"qcp_max","data/qcp_max/qcp_max_redef.mzn","data/qcp_max/qcp-25-264-1.dzn","Chuffed","UNKNOWN","300.4515795148909","qcp_max","","","","","0.604217","","","","","maximize","","","","50","","","330","","","0","","15050","15050","0","","","15051","",""
"qcp_max","data/qcp_max/qcp_max_redef.mzn","data/qcp_max/qcp-10-67-7.dzn","Chuffed","OPTIMAL_SOLUTION","0.2728770412504673","qcp_max","0.0","0.0","39","13","0.133691","1615430138","0.008","20","3","maximize","2680","2578","2702","20","0.02","0.008","92","23","13","0","7470","920","920","1","1","0.014","921","100",""
"qcp_max","data/qcp_max/qcp_max_imp.mzn","data/qcp_max/qcp-10-67-7.dzn","Chuffed","OPTIMAL_SOLUTION","0.2192622385919094","qcp_max","0.0","0.0","31","8","0.106412","1615430347","0.008","20","0","maximize","1780","1678","22","","0.01","0.008","92","22","8","0","659","20","","1","1","0.003","41","100","40"
"qcp_max","data/qcp_max/qcp_max_redef.mzn","data/qcp_max/qcp-25-264-13.dzn","Chuffed","UNKNOWN","300.4764087833464","qcp_max","","","","","0.617441","","","","","maximize","","","","50","","","327","","","0","","15050","15050","0","","","15051","",""
"qcp_max","data/qcp_max/qcp_max_imp.mzn","data/qcp_max/qcp-15-120-1.dzn","Chuffed","OPTIMAL_SOLUTION","0.2805384397506714","qcp_max","0.0","0.0","556","337","0.110477","1615430479","0.067","30","197","maximize","4364","4191","32","","0.02","0.067","157","27","337","0","38758","30","","1","1","0.006","61","171","60"
"qcp_max","data/qcp_max/qcp_max_redef.mzn","data/qcp_max/qcp-10-67-9.dzn","Chuffed","OPTIMAL_SOLUTION","0.278073076158762","qcp_max","0.0","0.0","46","19","0.129224","1615430285","0.009","20","2","maximize","2640","2539","2702","20","0.02","0.009","90","24","19","0","7710","920","920","1","1","0.014","921","99",""
"qcp_max","data/qcp_max/qcp_max_imp.mzn","data/qcp_max/qcp-20-187-14.dzn","Chuffed","OPTIMAL_SOLUTION","0.38209080696105957","qcp_max","0.0","0.0","564","361","0.110208","1615430417","0.128","40","174","maximize","8758","8498","42","","0.02","0.128","239","35","361","0","60169","40","","1","1","0.011","81","258","80"
"qcp_max","data/qcp_max/qcp_max_redef.mzn","data/qcp_max/qcp-10-67-4.dzn","Chuffed","OPTIMAL_SOLUTION","0.27323057502508163","qcp_max","0.0","0.0","29","4","0.127891","1615430141","0.009","20","2","maximize","2706","2602","2702","20","0.02","0.009","93","22","4","0","4913","920","920","1","1","0.013","921","102",""
"qcp_max","data/qcp_max/qcp_max_redef.mzn","data/qcp_max/qcp-15-120-12.dzn","Chuffed","UNKNOWN","300.24661611020565","qcp_max","","","","","0.200303","","","","","maximize","","","","30","","","157","","","0","","3180","3180","0","","","3181","",""
"qcp_max","data/qcp_max/qcp_max_imp.mzn","data/qcp_max/qcp-25-264-9.dzn","Chuffed","UNKNOWN","300.18147487565875","qcp_max","","","","","0.113124","","","","","maximize","","","","","","","328","","","0","","50","","0","","","101","","100"
"qcp_max","data/qcp_max/qcp_max_imp.mzn","data/qcp_max/qcp-10-67-4.dzn","Chuffed","OPTIMAL_SOLUTION","0.22038596868515015","qcp_max","0.0","0.0","25","2","0.105728","1615430359","0.008","20","0","maximize","1806","1702","22","","0.01","0.008","93","22","2","0","532","20","","1","1","0.003","41","102","40"
"qcp_max","data/qcp_max/qcp_max_imp.mzn","data/qcp_max/qcp-20-187-7.dzn","Chuffed","OPTIMAL_SOLUTION","2.784019213169813","qcp_max","0.0","0.0","12879","10098","0.109391","1615430472","2.557","40","2748","maximize","8800","8539","42","","0.02","2.552","240","39","10098","0","1276413","40","","1","1","0.011","81","259","80"
"qcp_max","data/qcp_max/qcp_max_redef.mzn","data/qcp_max/qcp-15-120-10.dzn","Chuffed","OPTIMAL_SOLUTION","0.4420217052102089","qcp_max","0.0","0.0","1240","431","0.200897","1615430235","0.037","30","776","maximize","7578","7403","9452","30","0.08","0.037","159","38","431","0","249110","3180","3180","1","1","0.046","3181","173",""
"qcp_max","data/qcp_max/qcp_max_imp.mzn","data/qcp_max/qcp-15-120-14.dzn","Chuffed","UNKNOWN","300.16706594079733","qcp_max","","","","","0.108387","","","","","maximize","","","","","","","156","","","0","","30","","0","","","61","","60"
"qcp_max","data/qcp_max/qcp_max_redef.mzn","data/qcp_max/qcp-10-67-3.dzn","Chuffed","OPTIMAL_SOLUTION","0.2811051532626152","qcp_max","0.0","0.0","28","3","0.132138","1615430171","0.008","20","0","maximize","2662","2560","2702","20","0.02","0.008","91","24","3","0","4614","920","920","1","1","0.014","921","100",""
"qcp_max","data/qcp_max/qcp_max_redef.mzn","data/qcp_max/qcp-25-264-9.dzn","Chuffed","UNKNOWN","300.45598063990474","qcp_max","","","","","0.617957","","","","","maximize","","","","50","","","328","","","0","","15050","15050","0","","","15051","",""
"qcp_max","data/qcp_max/qcp_max_imp.mzn","data/qcp_max/qcp-25-264-5.dzn","Chuffed","OPTIMAL_SOLUTION","8.859559468925","qcp_max","0.0","0.0","18534","16719","0.113581","1615430348","8.597","50","1769","maximize","15112","14755","52","","0.04","8.575","331","51","16719","0","3299346","50","","1","1","0.018","101","355","100"
"qcp_max","data/qcp_max/qcp_max_redef.mzn","data/qcp_max/qcp-25-264-12.dzn","Chuffed","UNKNOWN","300.4516424201429","qcp_max","","","","","0.592413","","","","","maximize","","","","50","","","328","","","0","","15050","15050","0","","","15051","",""
"qcp_max","data/qcp_max/qcp_max_imp.mzn","data/qcp_max/qcp-25-264-11.dzn","Chuffed","UNKNOWN","300.1758559830487","qcp_max","","","","","0.104603","","","","","maximize","","","","","","","329","","","0","","50","","0","","","101","","100"
"qcp_max","data/qcp_max/qcp_max_imp.mzn","data/qcp_max/qcp-25-264-1.dzn","Chuffed","UNKNOWN","300.20389968156815","qcp_max","","","","","0.10552","","","","","maximize","","","","","","","330","","","0","","50","","0","","","101","","100"
"qcp_max","data/qcp_max/qcp_max_redef.mzn","data/qcp_max/qcp-15-120-5.dzn","Chuffed","OPTIMAL_SOLUTION","0.730943601578474","qcp_max","0.0","0.0","3299","2915","0.208081","1615430283","0.319","30","360","maximize","7546","7372","9452","30","0.08","0.315","158","29","2915","0","2065465","3180","3180","1","1","0.046","3181","172",""
"qcp_max","data/qcp_max/qcp_max_imp.mzn","data/qcp_max/qcp-20-187-9.dzn","Chuffed","OPTIMAL_SOLUTION","0.6117522232234478","qcp_max","0.0","0.0","1526","1354","0.110049","1615430415","0.383","40","130","maximize","8758","8498","42","","0.02","0.383","239","43","1354","0","192632","40","","1","1","0.011","81","258","80"
"qcp_max","data/qcp_max/qcp_max_redef.mzn","data/qcp_max/qcp-25-264-6.dzn","Chuffed","OPTIMAL_SOLUTION","134.24681237339973","qcp_max","0.0","0.0","95375","84602","0.584859","1615430143","133.023","50","10729","maximize","29904","29551","45002","50","0.42","132.857","327","54","84602","0","117251126","15050","15050","1","1","0.214","15051","351",""
"qcp_max","data/qcp_max/qcp_max_imp.mzn","data/qcp_max/qcp-10-67-6.dzn","Chuffed","OPTIMAL_SOLUTION","0.2181687280535698","qcp_max","0.0","0.0","56","25","0.104817","1615430358","0.009","20","2","maximize","1802","1699","22","","0.01","0.009","93","28","25","0","1555","20","","1","1","0.003","41","101","40"
"qcp_max","data/qcp_max/qcp_max_imp.mzn","data/qcp_max/qcp-25-264-10.dzn","Chuffed","UNKNOWN","300.20197826623917","qcp_max","","","","","0.112938","","","","","maximize","","","","","","","328","","","0","","50","","0","","","101","","100"
"qcp_max","data/qcp_max/qcp_max_redef.mzn","data/qcp_max/qcp-20-187-4.dzn","Chuffed","OPTIMAL_SOLUTION","6.270551420748234","qcp_max","0.0","0.0","18028","15392","0.35436","1615430237","5.561","40","2611","maximize","16274","16016","22802","40","0.19","5.527","237","31","15392","0","16776531","7640","7640","1","1","0.106","7641","256",""
"qcp_max","data/qcp_max/qcp_max_imp.mzn","data/qcp_max/qcp-20-187-12.dzn","Chuffed","OPTIMAL_SOLUTION","3.0147952549159527","qcp_max","0.0","0.0","13104","10447","0.1149","1615430420","2.784","40","2630","maximize","8800","8539","42","","0.02","2.779","240","39","10447","0","1427202","40","","1","1","0.011","81","259","80"
"qcp_max","data/qcp_max/qcp_max_redef.mzn","data/qcp_max/qcp-20-187-3.dzn","Chuffed","UNKNOWN","300.31569922342896","qcp_max","","","","","0.348037","","","","","maximize","","","","40","","","238","","","0","","7640","7640","0","","","7641","",""
"qcp_max","data/qcp_max/qcp_max_redef.mzn","data/qcp_max/qcp-20-187-2.dzn","Chuffed","OPTIMAL_SOLUTION","21.906391229480505","qcp_max","0.0","0.0","37810","33230","0.353687","1615430277","21.199","40","4559","maximize","16232","15975","22802","40","0.19","21.134","236","34","33230","0","37646723","7640","7640","1","1","0.107","7641","255",""
"qcp_max","data/qcp_max/qcp_max_imp.mzn","data/qcp_max/qcp-25-264-12.dzn","Chuffed","UNKNOWN","300.1767852678895","qcp_max","","","","","0.113976","","","","","maximize","","","","","","","328","","","0","","50","","0","","","101","","100"
"qcp_max","data/qcp_max/qcp_max_redef.mzn","data/qcp_max/qcp-25-264-4.dzn","Chuffed","UNKNOWN","300.45082657039165","qcp_max","","","","","0.600393","","","","","maximize","","","","50","","","329","","","0","","15050","15050","0","","","15051","",""
"qcp_max","data/qcp_max/qcp_max_redef.mzn","data/qcp_max/qcp-25-264-8.dzn","Chuffed","OPTIMAL_SOLUTION","190.2975301668048","qcp_max","0.0","0.0","153641","134662","0.613219","1615430329","189.054","50","18930","maximize","30216","29857","45002","50","0.42","188.861","333","61","134662","0","200513741","15050","15050","1","1","0.215","15051","357",""
"qcp_max","data/qcp_max/qcp_max_imp.mzn","data/qcp_max/qcp-25-264-0.dzn","Chuffed","OPTIMAL_SOLUTION","87.88389392569661","qcp_max","0.0","0.0","118460","110521","0.113629","1615430410","87.61","50","7888","maximize","15060","14704","52","","0.04","87.527","330","58","110521","0","20134350","50","","1","1","0.019","101","354","100"
"qcp_max","data/qcp_max/qcp_max_imp.mzn","data/qcp_max/qcp-10-67-13.dzn","Chuffed","UNKNOWN","300.17007898166776","qcp_max","","","","","0.107563","","","","","maximize","","","","","","","90","","","0","","20","","0","","","41","","40"
"qcp_max","data/qcp_max/qcp_max_redef.mzn","data/qcp_max/qcp-15-120-3.dzn","Chuffed","OPTIMAL_SOLUTION","0.4915585294365883","qcp_max","0.0","0.0","4051","2359","0.195669","1615430241","0.104","30","1658","maximize","7578","7403","9452","30","0.08","0.103","159","36","2359","0","587064","3180","3180","1","1","0.043","3181","173",""
"qcp_max","data/qcp_max/qcp_max_redef.mzn","data/qcp_max/qcp-15-120-4.dzn","Chuffed","OPTIMAL_SOLUTION","0.6132868677377701","qcp_max","0.0","0.0","3062","2446","0.201338","1615430282","0.211","30","593","maximize","7610","7434","9452","30","0.08","0.208","160","31","2446","0","1600007","3180","3180","1","1","0.046","3181","174",""
"qcp_max","data/qcp_max/qcp_max_imp.mzn","data/qcp_max/qcp-10-67-3.dzn","Chuffed","OPTIMAL_SOLUTION","0.21667294204235077","qcp_max","0.0","0.0","24","0","0.104963","1615430414","0.008","20","0","maximize","1762","1660","22","","0.01","0.008","91","23","0","0","422","20","","1","1","0.003","41","100","40"
"qcp_max","data/qcp_max/qcp_max_redef.mzn","data/qcp_max/qcp-15-120-8.dzn","Chuffed","OPTIMAL_SOLUTION","0.8773262612521648","qcp_max","0.0","0.0","5568","4557","0.202819","1615430143","0.47","30","987","maximize","7482","7310","9452","30","0.08","0.466","156","29","4557","0","2602347","3180","3180","1","1","0.047","3181","170",""
"qcp_max","data/qcp_max/qcp_max_imp.mzn","data/qcp_max/qcp-25-264-4.dzn","Chuffed","UNKNOWN","300.1913483738899","qcp_max","","","","","0.115692","","","","","maximize","","","","","","","329","","","0","","50","","0","","","101","","100"
"qcp_max","data/qcp_max/qcp_max_redef.mzn","data/qcp_max/qcp-10-67-11.dzn","Chuffed","OPTIMAL_SOLUTION","0.2782408036291599","qcp_max","0.0","0.0","41","6","0.128869","1615430237","0.008","20","6","maximize","2706","2602","2702","20","0.02","0.008","93","28","6","0","5680","920","920","1","1","0.014","921","102",""
"qcp_max","data/qcp_max/qcp_max_imp.mzn","data/qcp_max/qcp-10-67-12.dzn","Chuffed","OPTIMAL_SOLUTION","0.49267271906137466","qcp_max","0.0","0.0","6649","3950","0.106539","1615430478","0.284","18","2673","maximize","1740","1639","22","","0.01","0.284","90","25","3950","0","201520","20","","1","1","0.003","41","99","40"
"qcp_max","data/qcp_max/qcp_max_imp.mzn","data/qcp_max/qcp-20-187-10.dzn","Chuffed","OPTIMAL_SOLUTION","2.626702841371298","qcp_max","0.0","0.0","9081","8008","0.113942","1615430420","2.39","40","1046","maximize","8674","8416","42","","0.02","2.385","237","43","8008","0","1242957","40","","1","1","0.011","81","256","80"
"qcp_max","data/qcp_max/qcp_max_redef.mzn","data/qcp_max/qcp-20-187-1.dzn","Chuffed","OPTIMAL_SOLUTION","30.908891703933477","qcp_max","0.0","0.0","96883","66281","0.329597","1615430294","30.209","40","30564","maximize","16316","16057","22802","40","0.19","30.122","238","47","66281","0","43612877","7640","7640","1","1","0.106","7641","257",""
"qcp_max","data/qcp_max/qcp_max_redef.mzn","data/qcp_max/qcp-10-67-8.dzn","Chuffed","OPTIMAL_SOLUTION","0.2703102119266987","qcp_max","0.0","0.0","54","28","0.128969","1615430281","0.009","20","8","maximize","2596","2497","2702","20","0.02","0.009","88","17","28","0","9373","920","920","1","1","0.014","921","97",""
"qcp_max","data/qcp_max/qcp_max_redef.mzn","data/qcp_max/qcp-25-264-5.dzn","Chuffed","OPTIMAL_SOLUTION","36.736265778541565","qcp_max","0.0","0.0","41926","37067","0.583885","1615430139","35.555","50","4816","maximize","30112","29755","45002","50","0.42","35.448","331","54","37067","0","50479164","15050","15050","1","1","0.213","15051","355",""
"qcp_max","data/qcp_max/qcp_max_imp.mzn","data/qcp_max/qcp-10-67-10.dzn","Chuffed","OPTIMAL_SOLUTION","0.21663114428520203","qcp_max","0.0","0.0","28","8","0.105883","1615430453","0.008","20","0","maximize","1784","1681","22","","0.01","0.008","92","19","8","0","631","20","","1","1","0.003","41","101","40"
"qcp_max","data/qcp_max/qcp_max_redef.mzn","data/qcp_max/qcp-20-187-0.dzn","Chuffed","OPTIMAL_SOLUTION","4.221947081387043","qcp_max","0.0","0.0","12678","10619","0.352784","1615430346","3.52","40","2022","maximize","16274","16016","22802","40","0.19","3.501","237","44","10619","0","11011072","7640","7640","1","1","0.112","7641","256",""
"qcp_max","data/qcp_max/qcp_max_redef.mzn","data/qcp_max/qcp-25-264-3.dzn","Chuffed","UNKNOWN","300.456526003778","qcp_max","","","","","0.612008","","","","","maximize","","","","50","","","326","","","0","","15050","15050","0","","","15051","",""
"qcp_max","data/qcp_max/qcp_max_imp.mzn","data/qcp_max/qcp-20-187-0.dzn","Chuffed","OPTIMAL_SOLUTION","3.1133999079465866","qcp_max","0.0","0.0","10011","8678","0.109794","1615430514","2.888","40","1295","maximize","8674","8416","42","","0.02","2.883","237","42","8678","0","1311464","40","","1","1","0.011","81","256","80"
"qcp_max","data/qcp_max/qcp_max_imp.mzn","data/qcp_max/qcp-25-264-2.dzn","Chuffed","OPTIMAL_SOLUTION","32.24488877132535","qcp_max","0.0","0.0","57994","51420","0.114109","1615430376","31.99","50","6532","maximize","15060","14704","52","","0.04","31.939","330","54","51420","0","10212491","50","","1","1","0.018","101","354","100"
"qcp_max","data/qcp_max/qcp_max_imp.mzn","data/qcp_max/qcp-20-187-1.dzn","Chuffed","OPTIMAL_SOLUTION","0.9974839240312576","qcp_max","0.0","0.0","4847","3483","0.111726","1615430499","0.769","40","1322","maximize","8716","8457","42","","0.02","0.767","238","41","3483","0","381911","40","","1","1","0.011","81","257","80"
"qcp_max","data/qcp_max/qcp_max_redef.mzn","data/qcp_max/qcp-15-120-14.dzn","Chuffed","UNKNOWN","300.2404080815613","qcp_max","","","","","0.205097","","","","","maximize","","","","30","","","156","","","0","","3180","3180","0","","","3181","",""
"qcp_max","data/qcp_max/qcp_max_imp.mzn","data/qcp_max/qcp-15-120-8.dzn","Chuffed","OPTIMAL_SOLUTION","0.3903147280216217","qcp_max","0.0","0.0","1379","1129","0.104954","1615430360","0.178","30","229","maximize","4332","4160","32","","0.02","0.178","156","26","1129","0","103879","30","","1","1","0.006","61","170","60"
"qcp_max","data/qcp_max/qcp_max_redef.mzn","data/qcp_max/qcp-20-187-7.dzn","Chuffed","OPTIMAL_SOLUTION","3.8066713996231556","qcp_max","0.0","0.0","20360","14719","0.436682","1615430244","3.019","40","5610","maximize","16400","16139","22802","40","0.19","2.999","240","39","14719","0","12450458","7640","7640","1","1","0.106","7641","259",""
"qcp_max","data/qcp_max/qcp_max_imp.mzn","data/qcp_max/qcp-15-120-13.dzn","Chuffed","OPTIMAL_SOLUTION","0.2919197417795658","qcp_max","0.0","0.0","648","452","0.107927","1615430425","0.075","30","171","maximize","4364","4191","32","","0.02","0.075","157","27","452","0","43526","30","","1","1","0.006","61","171","60"
"qcp_max","data/qcp_max/qcp_max_redef.mzn","data/qcp_max/qcp-25-264-0.dzn","Chuffed","OPTIMAL_SOLUTION","249.78659677505493","qcp_max","0.0","0.0","176853","162713","0.594336","1615430171","248.551","50","14091","maximize","30060","29704","45002","50","0.42","248.362","330","59","162713","0","254318994","15050","15050","1","1","0.211","15051","354",""
"qcp_max","data/qcp_max/qcp_max_redef.mzn","data/qcp_max/qcp-15-120-6.dzn","Chuffed","OPTIMAL_SOLUTION","0.670306384563446","qcp_max","0.0","0.0","3192","2695","0.200854","1615430327","0.266","30","470","maximize","7546","7372","9452","30","0.08","0.263","158","31","2695","0","1604041","3180","3180","1","1","0.046","3181","172",""
"qcp_max","data/qcp_max/qcp_max_imp.mzn","data/qcp_max/qcp-15-120-12.dzn","Chuffed","UNKNOWN","300.1696520037949","qcp_max","","","","","0.106963","","","","","maximize","","","","","","","157","","","0","","30","","0","","","61","","60"
"qcp_max","data/qcp_max/qcp_max_imp.mzn","data/qcp_max/qcp-10-67-5.dzn","Chuffed","OPTIMAL_SOLUTION","0.21843529865145683","qcp_max","0.0","0.0","22","0","0.107177","1615430371","0.008","20","0","maximize","1784","1681","22","","0.01","0.008","92","21","0","0","394","20","","1","1","0.003","41","101","40"
"qcp_max","data/qcp_max/qcp_max_redef.mzn","data/qcp_max/qcp-20-187-12.dzn","Chuffed","OPTIMAL_SOLUTION","221.66524644568563","qcp_max","0.0","0.0","178070","155422","0.347944","1615430177","220.912","40","22620","maximize","16400","16139","22802","40","0.19","220.759","240","42","155422","0","118222269","7640","7640","1","1","0.112","7641","259",""
"qcp_max","data/qcp_max/qcp_max_imp.mzn","data/qcp_max/qcp-10-67-9.dzn","Chuffed","OPTIMAL_SOLUTION","0.21002665534615517","qcp_max","0.0","0.0","22","1","0.101932","1615430496","0.008","20","0","maximize","1740","1639","22","","0.01","0.008","90","20","1","0","415","20","","1","1","0.003","41","99","40"
"qcp_max","data/qcp_max/qcp_max_imp.mzn","data/qcp_max/qcp-25-264-13.dzn","Chuffed","UNKNOWN","300.18140510097146","qcp_max","","","","","0.114079","","","","","maximize","","","","","","","327","","","0","","50","","0","","","101","","100"
"qcp_max","data/qcp_max/qcp_max_redef.mzn","data/qcp_max/qcp-10-67-13.dzn","Chuffed","UNKNOWN","300.1793061196804","qcp_max","","","","","0.120596","","","","","maximize","","","","20","","","90","","","0","","920","920","0","","","921","",""
"qcp_max","data/qcp_max/qcp_max_redef.mzn","data/qcp_max/qcp-25-264-2.dzn","Chuffed","OPTIMAL_SOLUTION","116.53024770319462","qcp_max","0.0","0.0","88143","79911","0.585392","1615430153","115.292","50","8191","maximize","30060","29704","45002","50","0.42","115.038","330","65","79911","0","128719097","15050","15050","1","1","0.222","15051","354",""
"qcp_max","data/qcp_max/qcp_max_imp.mzn","data/qcp_max/qcp-10-67-0.dzn","Chuffed","OPTIMAL_SOLUTION","0.2170477993786335","qcp_max","0.0","0.0","25","3","0.105715","1615430399","0.008","20","0","maximize","1762","1660","22","","0.01","0.008","91","21","3","0","454","20","","1","1","0.003","41","100","40"
"qcp_max","data/qcp_max/qcp_max_imp.mzn","data/qcp_max/qcp-15-120-9.dzn","Chuffed","OPTIMAL_SOLUTION","0.2618260085582733","qcp_max","0.0","0.0","487","273","0.108587","1615430362","0.045","30","189","maximize","4428","4253","32","","0.02","0.045","159","28","273","0","22528","30","","1","1","0.007","61","173","60"
"qcp_max","data/qcp_max/qcp_max_redef.mzn","data/qcp_max/test.dzn","Chuffed","OPTIMAL_SOLUTION","0.2143615148961544","qcp_max","0.0","0.0","3","0","0.106008","1615430201","0.005","4","0","maximize","66","55","14","","0.0","0.005","9","2","0","0","21","4","8","1","1","0.0","9","9",""
"qcp_max","data/qcp_max/qcp_max_imp.mzn","data/qcp_max/qcp-10-67-14.dzn","Chuffed","OPTIMAL_SOLUTION","1.0421098545193672","qcp_max","0.0","0.0","14851","11858","0.106308","1615430501","0.831","18","2969","maximize","1740","1639","22","","0.01","0.828","90","25","11858","0","546264","20","","1","1","0.003","41","99","40"
"qcp_max","data/qcp_max/qcp_max_redef.mzn","data/qcp_max/qcp-25-264-10.dzn","Chuffed","UNKNOWN","300.45445604994893","qcp_max","","","","","0.648214","","","","","maximize","","","","50","","","328","","","0","","15050","15050","0","","","15051","",""
"qcp_max","data/qcp_max/qcp_max_imp.mzn","data/qcp_max/qcp-15-120-11.dzn","Chuffed","OPTIMAL_SOLUTION","0.2521408647298813","qcp_max","0.0","0.0","212","128","0.10747","1615430426","0.037","30","57","maximize","4428","4253","32","","0.02","0.037","159","27","128","0","16852","30","","1","1","0.006","61","173","60"
"qcp_max","data/qcp_max/qcp_max_redef.mzn","data/qcp_max/qcp-15-120-7.dzn","Chuffed","OPTIMAL_SOLUTION","0.4565335437655449","qcp_max","0.0","0.0","732","602","0.203223","1615430326","0.056","30","101","maximize","7578","7403","9452","30","0.08","0.056","159","34","602","0","440050","3180","3180","1","1","0.046","3181","173",""
"qcp_max","data/qcp_max/qcp_max_redef.mzn","data/qcp_max/qcp-10-67-2.dzn","Chuffed","OPTIMAL_SOLUTION","0.2540237233042717","qcp_max","0.0","0.0","26","4","0.119796","1615430169","0.008","20","3","maximize","2618","2518","2702","20","0.02","0.008","89","18","4","0","4843","920","920","1","1","0.013","921","98",""
"qcp_max","data/qcp_max/qcp_max_imp.mzn","data/qcp_max/test.dzn","Chuffed","OPTIMAL_SOLUTION","0.20851482078433037","qcp_max","0.0","0.0","3","0","0.105788","1615430424","0.005","4","0","maximize","66","55","6","","0.0","0.005","9","2","0","0","17","4","","1","1","0.0","9","9","8"
"qcp_max","data/qcp_max/qcp_max_imp.mzn","data/qcp_max/qcp-25-264-7.dzn","Chuffed","OPTIMAL_SOLUTION","58.636597875505686","qcp_max","0.0","0.0","93312","81768","0.127034","1615430363","58.339","50","11501","maximize","15008","14653","52","","0.04","58.259","329","56","81768","0","14869040","50","","1","1","0.036","101","353","100"
"qcp_max","data/qcp_max/qcp_max_imp.mzn","data/qcp_max/qcp-15-120-5.dzn","Chuffed","OPTIMAL_SOLUTION","0.46067097038030624","qcp_max","0.0","0.0","1668","1467","0.106344","1615430495","0.254","30","179","maximize","4396","4222","32","","0.02","0.254","158","28","1467","0","158566","30","","1","1","0.005","61","172","60"
"qcp_max","data/qcp_max/qcp_max_redef.mzn","data/qcp_max/qcp-20-187-13.dzn","Chuffed","OPTIMAL_SOLUTION","1.1510734669864178","qcp_max","0.0","0.0","3494","2503","0.356984","1615430175","0.457","40","967","maximize","16316","16057","22802","40","0.19","0.453","238","38","2503","0","2795076","7640","7640","1","1","0.108","7641","257",""
"qcp_max","data/qcp_max/qcp_max_imp.mzn","data/qcp_max/qcp-10-67-11.dzn","Chuffed","OPTIMAL_SOLUTION","0.21815814822912216","qcp_max","0.0","0.0","27","0","0.106763","1615430436","0.008","20","0","maximize","1806","1702","22","","0.01","0.008","93","26","0","0","467","20","","1","1","0.003","41","102","40"
"qcp_max","data/qcp_max/qcp_max_redef.mzn","data/qcp_max/qcp-15-120-0.dzn","Chuffed","OPTIMAL_SOLUTION","0.4182647354900837","qcp_max","0.0","0.0","65","32","0.203154","1615430251","0.014","30","2","maximize","7514","7341","9452","30","0.08","0.014","157","30","32","0","31183","3180","3180","1","1","0.049","3181","171",""
"qcp_max","data/qcp_max/qcp_max_imp.mzn","data/qcp_max/qcp-15-120-6.dzn","Chuffed","OPTIMAL_SOLUTION","0.3478316627442837","qcp_max","0.0","0.0","927","775","0.112699","1615430505","0.128","30","122","maximize","4396","4222","32","","0.02","0.128","158","29","775","0","74862","30","","1","1","0.006","61","172","60"
"qcp_max","data/qcp_max/qcp_max_redef.mzn","data/qcp_max/qcp-10-67-5.dzn","Chuffed","OPTIMAL_SOLUTION","0.26531437784433365","qcp_max","0.0","0.0","24","2","0.12906","1615430150","0.008","20","0","maximize","2684","2581","2702","20","0.02","0.008","92","23","2","0","5140","920","920","1","1","0.014","921","101",""
"qcp_max","data/qcp_max/qcp_max_imp.mzn","data/qcp_max/qcp-20-187-8.dzn","Chuffed","OPTIMAL_SOLUTION","13.32358569279313","qcp_max","0.0","0.0","70480","48661","0.110264","1615430400","13.088","40","21784","maximize","8758","8498","42","","0.02","13.067","239","45","48661","0","5339825","40","","1","1","0.011","81","258","80"
"qcp_max","data/qcp_max/qcp_max_redef.mzn","data/qcp_max/qcp-10-67-10.dzn","Chuffed","OPTIMAL_SOLUTION","0.26106735318899155","qcp_max","0.0","0.0","27","6","0.125704","1615430242","0.008","20","0","maximize","2684","2581","2702","20","0.02","0.008","92","20","6","0","4822","920","920","1","1","0.014","921","101",""
"qcp_max","data/qcp_max/qcp_max_imp.mzn","data/qcp_max/qcp-20-187-6.dzn","Chuffed","OPTIMAL_SOLUTION","3.187365561723709","qcp_max","0.0","0.0","9940","9011","0.108939","1615430489","2.963","40","904","maximize","8674","8416","42","","0.02","2.956","237","33","9011","0","1431614","40","","1","1","0.011","81","256","80"
"qcp_max","data/qcp_max/qcp_max_redef.mzn","data/qcp_max/qcp-20-187-10.dzn","Chuffed","OPTIMAL_SOLUTION","24.068026166409254","qcp_max","0.0","0.0","40243","35642","0.338271","1615430177","23.379","40","4571","maximize","16274","16016","22802","40","0.19","23.311","237","38","35642","0","35692263","7640","7640","1","1","0.107","7641","256",""
"qcp_max","data/qcp_max/qcp_max_imp.mzn","data/qcp_max/qcp-25-264-14.dzn","Chuffed","UNKNOWN","300.1824802644551","qcp_max","","","","","0.119815","","","","","maximize","","","","","","","330","","","0","","50","","0","","","101","","100"
"qcp_max","data/qcp_max/qcp_max_redef.mzn","data/qcp_max/qcp-10-67-12.dzn","Chuffed","OPTIMAL_SOLUTION","0.34905025362968445","qcp_max","0.0","0.0","4016","2375","0.129178","1615430248","0.089","18","1614","maximize","2640","2539","2702","20","0.02","0.089","90","26","2375","0","531481","920","920","1","1","0.014","921","99",""
"qcp_max","data/qcp_max/qcp_max_redef.mzn","data/qcp_max/qcp-25-264-7.dzn","Chuffed","OPTIMAL_SOLUTION","166.49845403805375","qcp_max","0.0","0.0","143174","124863","0.618375","1615430148","165.209","50","18266","maximize","30008","29653","45002","50","0.42","164.951","329","58","124863","0","179583761","15050","15050","1","1","0.228","15051","353",""
"qcp_max","data/qcp_max/qcp_max_imp.mzn","data/qcp_max/qcp-15-120-10.dzn","Chuffed","OPTIMAL_SOLUTION","0.7719905041158199","qcp_max","0.0","0.0","5924","3905","0.108449","1615430427","0.556","30","1988","maximize","4428","4253","32","","0.02","0.555","159","37","3905","0","332488","30","","1","1","0.006","61","173","60"
"qcp_max","data/qcp_max/qcp_max_redef.mzn","data/qcp_max/qcp-20-187-8.dzn","Chuffed","OPTIMAL_SOLUTION","5.90387986600399","qcp_max","0.0","0.0","24196","18047","0.350893","1615430168","5.21","40","6109","maximize","16358","16098","22802","40","0.19","5.18","239","50","18047","0","16223100","7640","7640","1","1","0.108","7641","258",""
"qcp_max","data/qcp_max/qcp_max_imp.mzn","data/qcp_max/qcp-25-264-3.dzn","Chuffed","UNKNOWN","300.1826641857624","qcp_max","","","","","0.112377","","","","","maximize","","","","","","","326","","","0","","50","","0","","","101","","100"
"qcp_max","data/qcp_max/qcp_max_imp.mzn","data/qcp_max/qcp-15-120-4.dzn","Chuffed","OPTIMAL_SOLUTION","0.3688618689775467","qcp_max","0.0","0.0","1384","1008","0.099561","1615430494","0.165","30","351","maximize","4460","4284","32","","0.02","0.165","160","29","1008","0","93852","30","","1","1","0.007","61","174","60"
"qcp_max","data/qcp_max/qcp_max_redef.mzn","data/qcp_max/qcp-20-187-14.dzn","Chuffed","OPTIMAL_SOLUTION","56.62488653883338","qcp_max","0.0","0.0","78686","66587","0.354165","1615430175","55.882","40","12072","maximize","16358","16098","22802","40","0.19","55.749","239","41","66587","0","61908818","7640","7640","1","1","0.116","7641","258",""
"qcp_max","data/qcp_max/qcp_max_imp.mzn","data/qcp_max/qcp-15-120-3.dzn","Chuffed","OPTIMAL_SOLUTION","4.784159157425165","qcp_max","0.0","0.0","43732","38461","0.107246","1615430442","4.564","30","5240","maximize","4428","4253","32","","0.02","4.555","159","33","38461","0","2130351","30","","1","1","0.006","61","173","60"
"qcp_max","data/qcp_max/qcp_max_redef.mzn","data/qcp_max/qcp-20-187-6.dzn","Chuffed","OPTIMAL_SOLUTION","15.897350288927555","qcp_max","0.0","0.0","30849","28584","0.342512","1615430277","15.21","40","2239","maximize","16274","16016","22802","40","0.19","15.153","237","34","28584","0","28775509","7640","7640","1","1","0.107","7641","256",""
"qcp_max","data/qcp_max/qcp_max_redef.mzn","data/qcp_max/qcp-10-67-1.dzn","Chuffed","OPTIMAL_SOLUTION","0.25656699389219284","qcp_max","0.0","0.0","81","24","0.123069","1615430151","0.009","20","31","maximize","2684","2581","2702","20","0.02","0.009","92","25","24","0","8153","920","920","1","1","0.013","921","101",""
"qcp_max","data/qcp_max/qcp_max_imp.mzn","data/qcp_max/qcp-25-264-8.dzn","Chuffed","OPTIMAL_SOLUTION","62.298950370401144","qcp_max","0.0","0.0","97824","87116","0.118074","1615430506","62.028","50","10658","maximize","15216","14857","52","","0.04","61.937","333","61","87116","0","18024952","50","","1","1","0.019","101","357","100"
"qcp_max","data/qcp_max/qcp_max_imp.mzn","data/qcp_max/qcp-20-187-2.dzn","Chuffed","OPTIMAL_SOLUTION","1.6703246124088764","qcp_max","0.0","0.0","5572","4834","0.115173","1615430492","1.442","40","717","maximize","8632","8375","42","","0.02","1.44","236","28","4834","0","801347","40","","1","1","0.01","81","255","80"
"qcp_max","data/qcp_max/qcp_max_redef.mzn","data/qcp_max/qcp-20-187-5.dzn","Chuffed","OPTIMAL_SOLUTION","32.757270622998476","qcp_max","0.0","0.0","76239","59143","0.389427","1615430244","31.967","40","17060","maximize","16274","16016","22802","40","0.19","31.858","237","47","59143","0","43579469","7640","7640","1","1","0.129","7641","256",""
"qcp_max","data/qcp_max/qcp_max_imp.mzn","data/qcp_max/qcp-10-67-2.dzn","Chuffed","OPTIMAL_SOLUTION","0.2260855808854103","qcp_max","0.0","0.0","26","4","0.113024","1615430409","0.008","20","3","maximize","1718","1618","22","","0.01","0.008","89","18","4","0","560","20","","1","1","0.003","41","98","40"
"qcp_max","data/qcp_max/qcp_max_imp.mzn","data/qcp_max/qcp-20-187-3.dzn","Chuffed","OPTIMAL_SOLUTION","15.993182178586721","qcp_max","0.0","0.0","42498","37472","0.108772","1615430497","15.762","40","4999","maximize","8716","8457","42","","0.02","15.737","238","35","37472","0","6035453","40","","1","1","0.011","81","257","80"
"qcp_max","data/qcp_max/qcp_max_redef.mzn","data/qcp_max/qcp-20-187-11.dzn","Chuffed","UNKNOWN","300.33256109431386","qcp_max","","","","","0.354112","","","","","maximize","","","","40","","","235","","","0","","7640","7640","0","","","7641","",""
"qcp_max","data/qcp_max/qcp_max_redef.mzn","data/qcp_max/qcp-15-120-1.dzn","Chuffed","OPTIMAL_SOLUTION","0.44675490632653236","qcp_max","0.0","0.0","590","362","0.20357","1615430250","0.04","30","205","maximize","7514","7341","9452","30","0.08","0.039","157","28","362","0","280686","3180","3180","1","1","0.047","3181","171",""
"qcp_max","data/qcp_max/qcp_max_imp.mzn","data/qcp_max/qcp-20-187-4.dzn","Chuffed","OPTIMAL_SOLUTION","6.320057816803455","qcp_max","0.0","0.0","17337","15632","0.111511","1615430429","6.089","40","1679","maximize","8674","8416","42","","0.02","6.079","237","29","15632","0","2835325","40","","1","1","0.012","81","256","80"
"qcp_max","data/qcp_max/qcp_max_redef.mzn","data/qcp_max/qcp-15-120-9.dzn","Chuffed","OPTIMAL_SOLUTION","1.7772452719509602","qcp_max","0.0","0.0","16727","11964","0.204287","1615430144","1.369","30","4736","maximize","7578","7403","9452","30","0.08","1.36","159","33","11964","0","4756551","3180","3180","1","1","0.045","3181","173",""
"qcp_max","data/qcp_max/qcp_max_redef.mzn","data/qcp_max/qcp-10-67-0.dzn","Chuffed","OPTIMAL_SOLUTION","0.2728075087070465","qcp_max","0.0","0.0","26","3","0.128202","1615430167","0.009","20","0","maximize","2662","2560","2702","20","0.02","0.009","91","22","3","0","4757","920","920","1","1","0.013","921","100",""
"qcp_max","data/qcp_max/qcp_max_imp.mzn","data/qcp_max/qcp-10-67-1.dzn","Chuffed","OPTIMAL_SOLUTION","0.22130075097084045","qcp_max","0.0","0.0","62","19","0.108719","1615430372","0.009","20","17","maximize","1784","1681","22","","0.01","0.009","92","25","19","0","1243","20","","1","1","0.003","41","101","40"
"qcp_max","data/qcp_max/qcp_max_redef.mzn","data/qcp_max/qcp-20-187-9.dzn","Chuffed","OPTIMAL_SOLUTION","1.3076084852218628","qcp_max","0.0","0.0","3460","2956","0.35686","1615430172","0.577","40","460","maximize","16358","16098","22802","40","0.19","0.572","239","46","2956","0","3375640","7640","7640","1","1","0.118","7641","258",""
"qcp_max","data/qcp_max/qcp_max_imp.mzn","data/qcp_max/qcp-10-67-8.dzn","Chuffed","OPTIMAL_SOLUTION","0.2174025997519493","qcp_max","0.0","0.0","27","8","0.105545","1615430493","0.008","20","1","maximize","1696","1597","22","","0.01","0.008","88","17","8","0","661","20","","1","1","0.003","41","97","40"
"qcp_max","data/qcp_max/qcp_max_imp.mzn","data/qcp_max/qcp-15-120-2.dzn","Chuffed","OPTIMAL_SOLUTION","0.7860399186611176","qcp_max","0.0","0.0","4780","4037","0.106992","1615430440","0.57","30","724","maximize","4300","4129","32","","0.02","0.569","155","28","4037","0","351085","30","","1","1","0.006","61","169","60"
"qcp_max","data/qcp_max/qcp_max_redef.mzn","data/qcp_max/qcp-25-264-11.dzn","Chuffed","UNKNOWN","300.4483979679644","qcp_max","","","","","0.613363","","","","","maximize","","","","50","","","329","","","0","","15050","15050","0","","","15051","",""
